<!DOCTYPE html><html lang="en-US" class=""><head><script type="text/javascript" src="https://a.slack-edge.com/bv1-8/webpack.manifest.117b71cd93d04f0ee7ef.min.js" onload="window._cdn ? _cdn.ok(this, arguments) : null" onerror="window._cdn ? _cdn.failed(this, arguments) : null" crossorigin="anonymous"></script><script>window.ts_endpoint_url = "https:\/\/slack.com\/beacon\/timing";(function(e) {
	var n=Date.now?Date.now():+new Date,r=e.performance||{},t=[],a={},i=function(e,n){for(var r=0,a=t.length,i=[];a>r;r++)t[r][e]==n&&i.push(t[r]);return i},o=function(e,n){for(var r,a=t.length;a--;)r=t[a],r.entryType!=e||void 0!==n&&r.name!=n||t.splice(a,1)};r.now||(r.now=r.webkitNow||r.mozNow||r.msNow||function(){return(Date.now?Date.now():+new Date)-n}),r.mark||(r.mark=r.webkitMark||function(e){var n={name:e,entryType:"mark",startTime:r.now(),duration:0};t.push(n),a[e]=n}),r.measure||(r.measure=r.webkitMeasure||function(e,n,r){n=a[n].startTime,r=a[r].startTime,t.push({name:e,entryType:"measure",startTime:n,duration:r-n})}),r.getEntriesByType||(r.getEntriesByType=r.webkitGetEntriesByType||function(e){return i("entryType",e)}),r.getEntriesByName||(r.getEntriesByName=r.webkitGetEntriesByName||function(e){return i("name",e)}),r.clearMarks||(r.clearMarks=r.webkitClearMarks||function(e){o("mark",e)}),r.clearMeasures||(r.clearMeasures=r.webkitClearMeasures||function(e){o("measure",e)}),e.performance=r,"function"==typeof define&&(define.amd||define.ajs)&&define("performance",[],function(){return r}) // eslint-disable-line
})(window);</script><script>

(function () {
	
	window.TSMark = function (mark_label) {
		if (!window.performance || !window.performance.mark) return;
		performance.mark(mark_label);
	};
	window.TSMark('start_load');

	
	window.TSMeasureAndBeacon = function (measure_label, start_mark_label) {
		if (!window.performance || !window.performance.mark || !window.performance.measure) {
			return;
		}

		performance.mark(start_mark_label + '_end');

		try {
			performance.measure(measure_label, start_mark_label, start_mark_label + '_end');
			window.TSBeacon(measure_label, performance.getEntriesByName(measure_label)[0].duration);
		} catch (e) {
			
		}
	};

	
	if ('sendBeacon' in navigator) {
		window.TSBeacon = function (label, value) {
			var endpoint_url = window.ts_endpoint_url || 'https://slack.com/beacon/timing';
			navigator.sendBeacon(
				endpoint_url + '?data=' + encodeURIComponent(label + ':' + value),
				''
			);
		};
	} else {
		window.TSBeacon = function (label, value) {
			var endpoint_url = window.ts_endpoint_url || 'https://slack.com/beacon/timing';
			new Image().src = endpoint_url + '?data=' + encodeURIComponent(label + ':' + value);
		};
	}
})();
</script><script>window.TSMark('step_load');</script><noscript><meta http-equiv="refresh" content="0; URL="></noscript><script type="text/javascript">var safe_hosts = ['app.optimizely.com', 'tinyspeck.dev.slack.com'];

if (self !== top && safe_hosts.indexOf(top.location.host) === -1) {
	window.document.write(
		'\u003Cstyle>body * {display:none !important;}\u003C/style>\u003Ca href="#" onclick=' +
			'"top.location.href=window.location.href" style="display:block !important;padding:10px">Go to Slack.com\u003C/a>'
	);
}

(function() {
	var timer;
	if (self !== top && safe_hosts.indexOf(top.location.host) === -1) {
		timer = window.setInterval(function() {
			if (window) {
				try {
					var pageEl = document.getElementById('page');
					var clientEl = document.getElementById('client-ui');
					var sectionEls = document.querySelectorAll('nav, header, section');

					pageEl.parentNode.removeChild(pageEl);
					clientEl.parentNode.removeChild(clientEl);
					for (var i = 0; i < sectionEls.length; i++) {
						sectionEls[i].parentNode.removeChild(sectionEls[i]);
					}
					window.TS = null;
					window.TD = null;
					window.clearInterval(timer);
				} catch (e) {}	
			}
		}, 200);
	}
})();</script><script type="text/javascript">
document.addEventListener("DOMContentLoaded", function(e) {
	var gtmDataLayer = window.dataLayer || [];
	var gtmTags = document.querySelectorAll('*[data-gtm-click]');
	var gtmClickHandler = function(c) {
		var gtm_events = this.getAttribute('data-gtm-click');
		if (!gtm_events) return;
		var gtm_events_arr = gtm_events.split(",");
		for(var e=0; e < gtm_events_arr.length; e++) {
			var ev = gtm_events_arr[e].trim();
			gtmDataLayer.push({ 'event': ev });
		}
	};
	for(var g=0; g < gtmTags.length; g++){
		var elem = gtmTags[g];
		elem.addEventListener('click', gtmClickHandler);
	}
});
</script><script type="text/javascript">
(function(e,c,b,f,d,g,a){e.SlackBeaconObject=d;
e[d]=e[d]||function(){(e[d].q=e[d].q||[]).push([1*new Date(),arguments])};
e[d].l=1*new Date();g=c.createElement(b);a=c.getElementsByTagName(b)[0];
g.async=1;g.src=f;a.parentNode.insertBefore(g,a)
})(window,document,"script","https://a.slack-edge.com/bv1-8/slack_beacon.bedc12c16f279519926d.min.js","sb");
window.sb('set', 'token', '3307f436963e02d4f9eb85ce5159744c');
window.sb('track', 'pageview');
</script><meta name="referrer" content="no-referrer"><meta name="superfish" content="nofish"><script type="text/javascript">var TS_last_log_date = null;
var TSMakeLogDate = function() {
	var date = new Date();

	var y = date.getFullYear();
	var mo = date.getMonth()+1;
	var d = date.getDate();

	var time = {
	  h: date.getHours(),
	  mi: date.getMinutes(),
	  s: date.getSeconds(),
	  ms: date.getMilliseconds()
	};

	Object.keys(time).map(function(moment, index) {
		if (moment == 'ms') {
			if (time[moment] < 10) {
				time[moment] = time[moment]+'00';
			} else if (time[moment] < 100) {
				time[moment] = time[moment]+'0';
			}
		} else if (time[moment] < 10) {
			time[moment] = '0' + time[moment];
		}
	});

	var str = y + '/' + mo + '/' + d + ' ' + time.h + ':' + time.mi + ':' + time.s + '.' + time.ms;
	if (TS_last_log_date) {
		var diff = date-TS_last_log_date;
		//str+= ' ('+diff+'ms)';
	}
	TS_last_log_date = date;
	return str+' ';
}

var parseDeepLinkRequest = function(code) {
	var m = code.match(/"id":"([CDG][A-Z0-9]{8,})"/);
	var id = m ? m[1] : null;

	m = code.match(/"team":"(T[A-Z0-9]{8,})"/);
	var team = m ? m[1] : null;

	m = code.match(/"message":"([0-9]+\.[0-9]+)"/);
	var message = m ? m[1] : null;

	return { id: id, team: team, message: message };
}

if ('rendererEvalAsync' in window) {
	var origRendererEvalAsync = window.rendererEvalAsync;
	window.rendererEvalAsync = function(blob) {
		try {
			var data = JSON.parse(decodeURIComponent(atob(blob)));
			if (data.code.match(/handleDeepLink/)) {
				var request = parseDeepLinkRequest(data.code);
				if (!request.id || !request.team || !request.message) return;

				request.cmd = 'channel';
				TSSSB.handleDeepLinkWithArgs(JSON.stringify(request));
				return;
			} else {
				origRendererEvalAsync(blob);
			}
		} catch (e) {
		}
	}
}</script><script type="text/javascript">var TSSSB = {
	call: function() {
		return false;
	}
};</script><script type="text/javascript">window.addEventListener('load', function() {
	var was_TS = window.TS;
	delete window.TS;
	if (was_TS) window.TS = was_TS;
});</script><title>Slack</title><link href="https://a.slack-edge.com/8944e/style/rollup-slack_kit_legacy_adapters.css" rel="stylesheet" type="text/css" onload="window._cdn ? _cdn.ok(this, arguments) : null" onerror="window._cdn ? _cdn.failed(this, arguments) : null" crossorigin="anonymous"><link href="https://a.slack-edge.com/e72f0/style/rollup-plastic.css" rel="stylesheet" type="text/css" onload="window._cdn ? _cdn.ok(this, arguments) : null" onerror="window._cdn ? _cdn.failed(this, arguments) : null" crossorigin="anonymous"><link href="https://a.slack-edge.com/bv1-8/modern.vendor.2b39c2b.min.css" rel="stylesheet" type="text/css" onload="window._cdn ? _cdn.ok(this, arguments) : null" onerror="window._cdn ? _cdn.failed(this, arguments) : null" crossorigin="anonymous"><link href="https://a.slack-edge.com/bv1-8/application.d5f626d.min.css" rel="stylesheet" type="text/css" onload="window._cdn ? _cdn.ok(this, arguments) : null" onerror="window._cdn ? _cdn.failed(this, arguments) : null" crossorigin="anonymous"><link href="https://a.slack-edge.com/fae54/style/rollup-slack_kit_helpers.css" rel="stylesheet" id="slack_kit_helpers_stylesheet" type="text/css" onload="window._cdn ? _cdn.ok(this, arguments) : null" onerror="window._cdn ? _cdn.failed(this, arguments) : null" crossorigin="anonymous"><link href="https://a.slack-edge.com/72a4f/style/sticky_nav.css" rel="stylesheet" type="text/css" onload="window._cdn ? _cdn.ok(this, arguments) : null" onerror="window._cdn ? _cdn.failed(this, arguments) : null" crossorigin="anonymous"><link href="https://a.slack-edge.com/510f3/style/footer.css" rel="stylesheet" type="text/css" onload="window._cdn ? _cdn.ok(this, arguments) : null" onerror="window._cdn ? _cdn.failed(this, arguments) : null" crossorigin="anonymous"><link href="https://a.slack-edge.com/e3403/style/libs/lato-2-compressed.css" rel="stylesheet" type="text/css" onload="window._cdn ? _cdn.ok(this, arguments) : null" onerror="window._cdn ? _cdn.failed(this, arguments) : null" crossorigin="anonymous"><meta name="HandheldFriendly" content="true"><meta name="viewport" content="width=device-width, initial-scale=1.0"><meta name="robots" content="noindex, nofollow"><link id="favicon" rel="shortcut icon" href="https://a.slack-edge.com/80588/marketing/img/meta/favicon-32.png" sizes="16x16 32x32 48x48" type="image/png"></head><body class=""><script>var w = Math.max(document.documentElement.clientWidth, window.innerWidth || 0);
if (w > 1440) document.querySelector('body').classList.add('widescreen');</script><nav class="top persistent _mobile"><a href="https://slack.com/" class="logo" data-qa="logo" data-clog-event="WEBSITE_CLICK" data-clog-params="click_target=logo" aria-label="Slack homepage"></a><ul><li><a href="https://slack.com/is" data-qa="product" data-clog-event="WEBSITE_CLICK" data-clog-params="click_target=nav_product">Product</a></li><li><a href="https://slack.com/pricing?ui_step=55&amp;ui_element=5" data-qa="pricing" data-clog-event="WEBSITE_CLICK" data-clog-params="click_target=nav_pricing">Pricing</a></li><li><a href="https://get.slack.help/hc/en-us" data-qa="support" data-clog-event="WEBSITE_CLICK" data-clog-params="click_target=nav_support">Support</a></li><li><a href="https://slack.com/get-started#/find" data-gtm-click="optout_nav_find_team" data-qa="find_team" data-clog-event="WEBSITE_CLICK" data-clog-params="click_target=nav_find_team">Find your workspace</a></li><li class="sign_in hide_on_mobile"><a data-gtm-click="optout_nav_signin" href="https://slack.com/signin" class="btn_sticky btn_filled" data-qa="sign_in" data-clog-event="WEBSITE_CLICK" data-clog-params="click_target=nav_sign_in">Sign in</a></li><li class="mobile_btn mobile_menu_btn"><a href="#" class="btn_sticky" data-clog-event="WEBSITE_CLICK" data-clog-params="click_target=nav_mobile_menu_btn">Menu</a></li></ul></nav><nav class="mobile_menu loading menu_scroll" aria-hidden="true"><div class="mobile_menu_wrapper"><div class="mobile_menu_header"><a href="https://slack.com/" class="logo" data-clog-event="WEBSITE_CLICK" data-clog-params="click_target=nav_logo"></a><a href="#" class="close" aria-label="close" data-clog-event="WEBSITE_CLICK" data-clog-params="click_target=nav_menu_close"><ts-icon class="ts_icon ts_icon_times"></ts-icon></a></div><ul><li><a href="https://slack.com/is" data-clog-event="WEBSITE_CLICK" data-clog-params="click_target=nav_product">Product</a></li><li><a href="https://slack.com/pricing?ui_step=55&amp;ui_element=5" class="mobile_nav_pricing" data-clog-event="WEBSITE_CLICK" data-clog-params="click_target=nav_pricing">Pricing</a></li><li><a href="https://get.slack.help/hc/en-us" data-clog-event="WEBSITE_CLICK" data-clog-params="click_target=nav_support">Support</a></li><li><a href="/get" data-clog-event="WEBSITE_CLICK" data-clog-params="click_target=nav_download">Download <span class="optional_desktop_nav_message">the Slack app</span></a></li></ul><ul class="mobile_menu_footer"><li><a href="https://slack.com/signin" data-gtm-click="optout_nav_signin" target="_blank" data-clog-event="WEBSITE_CLICK" data-clog-params="click_target=nav_sign_in"><ts-icon class="ts_icon small float_none team_icon ts_icon_plus default signup_icon"></ts-icon><span class="switcher_label">Sign in</span></a></li></ul></div></nav><div id="page" class=""><div id="page_contents" data-qa="page_contents" class=""><div class="span_4_of_6 col float_none margin_auto no_right_padding"><p class="alert alert_info"><i class="ts_icon ts_icon_info_circle"></i>You need to sign in to see this page.</p></div><div class="card align_center span_4_of_6 col float_none margin_auto large_bottom_margin right_padding large_bottom_padding"><h1>Sign in to upGrad</h1><div class="col span_4_of_6 float_none margin_auto"><p class="large_bottom_margin">This workspace allows you to sign in with your <strong>@upgrad.com</strong> Google account.</p><p><a id="index_google_sign_in_with_google" href="https://upgrad.slack.com/sso/google/start?redir=%2Ffiles-pri%2FT03Q6CH5B-F01G0QW1RT3%2Fdownload%2Fcarprice.csv" class="btn btn_info btn_large btn_with_icon full_width"><i class="ts_icon ts_icon_google"></i>Sign in with Google</a></p><hr class="large_top_margin large_bottom_margin"><div style="background: white; margin: -2.9rem auto 1.5rem; text-align: center; width: 3rem; color: #9e9ea6; font-size: 1rem;">or</div><form action="/?no_sso=1" method="post" accept-charset="UTF-8"><input type="hidden" name="redir" value="/files-pri/T03Q6CH5B-F01G0QW1RT3/download/carprice.csv"><input type="hidden" name="crumb" value="s-1606459533-e1f9794c1c88304a11cdd72a10cbd1334fd29f1a0287fb2682f377edf6f7cd1d-â˜ƒ"><p><input type="submit" class="btn btn_large full_width" value="I have a guest account"></p><p>Sign in with your email and password if you have a guest account.</p></form></div></div><div class="align_center"><p>Workspace Owners can <a href="/?no_sso=1&amp;redir=%2Ffiles-pri%2FT03Q6CH5B-F01G0QW1RT3%2Fdownload%2Fcarprice.csv" class="bold">sign in here</a>.</p></div></div><div id="overlay"></div></div><footer data-qa="footer"><section class="links"><div class="grid"><div class="col span_1_of_4 nav_col"><ul><li class="cat_1">Using Slack</li><li><a href="/is" data-qa="product_footer" data-clog-event="WEBSITE_CLICK" data-clog-params="click_target=footer_product">Product</a></li><li><a href="/enterprise" data-qa="enterprise_footer" data-clog-event="WEBSITE_CLICK" data-clog-params="click_target=footer_enterprise">Enterprise</a></li><li><a href="/pricing?ui_step=28&amp;ui_element=5" data-qa="pricing_footer" data-clog-event="WEBSITE_CLICK" data-clog-params="click_target=footer_pricing">Pricing</a></li><li><a href="https://get.slack.help/hc/en-us" data-qa="support_footer" data-clog-event="WEBSITE_CLICK" data-clog-params="click_target=footer_support">Support</a></li><li><a href="/guides" data-qa="getting_started" data-clog-event="WEBSITE_CLICK" data-clog-params="click_target=footer_getting_started">Slack Guides</a></li><li><a href="/apps" data-qa="app_directory" data-clog-event="WEBSITE_CLICK" data-clog-params="click_target=footer_app_directory">App Directory</a></li><li><a href="https://api.slack.com/" data-qa="api" data-clog-event="WEBSITE_CLICK" data-clog-params="click_target=footer_api">API</a></li></ul></div><div class="col span_1_of_4 nav_col"><ul><li class="cat_2">Slack <ts-icon class="ts_icon_heart"></ts-icon></li><li><a href="/jobs" data-qa="jobs" data-clog-event="WEBSITE_CLICK" data-clog-params="click_target=footer_jobs">Jobs</a></li><li><a href="/customers" data-qa="customers" data-clog-event="WEBSITE_CLICK" data-clog-params="click_target=footer_customers">Customers</a></li><li><a href="/developers" data-qa="developers" data-clog-event="WEBSITE_CLICK" data-clog-params="click_target=footer_developers">Developers</a></li><li><a href="/events" data-qa="events" data-clog-event="WEBSITE_CLICK" data-clog-params="click_target=footer_events">Events</a></li><li><a href="https://slackhq.com/" data-qa="blog_footer" data-clog-event="WEBSITE_CLICK" data-clog-params="click_target=footer_blog">Blog</a></li></ul></div><div class="col span_1_of_4 nav_col"><ul><li class="cat_3">Legal</li><li><a href="/privacy-policy" data-qa="privacy" data-clog-event="WEBSITE_CLICK" data-clog-params="click_target=footer_privacy">Privacy</a></li><li><a href="/security" data-qa="security" data-clog-event="WEBSITE_CLICK" data-clog-params="click_target=footer_security">Security</a></li><li><a href="/terms-of-service" data-qa="tos" data-clog-event="WEBSITE_CLICK" data-clog-params="click_target=footer_tos">Terms of Service</a></li><li><a href="/policies" data-qa="policies" data-clog-event="WEBSITE_CLICK" data-clog-params="click_target=footer_policies">Policies</a></li></ul></div><div class="col span_1_of_4 nav_col"><ul><li class="cat_4">Handy Links</li><li><a href="/downloads" data-qa="downloads" data-clog-event="WEBSITE_CLICK" data-clog-params="click_target=footer_downloads">Download desktop app</a></li><li><a href="/downloads" data-qa="downloads_mobile" data-clog-event="WEBSITE_CLICK" data-clog-params="click_target=footer_downloads_mobile">Download mobile app</a></li><li><a href="/brand-guidelines" data-qa="brand_guidelines" data-clog-event="WEBSITE_CLICK" data-clog-params="click_target=footer_brand_guidelines">Brand Guidelines</a></li><li><a href="https://slackatwork.com" data-qa="slack_at_work" data-clog-event="WEBSITE_CLICK" data-clog-params="click_target=footer_slack_at_work">Slack at Work</a></li><li><a href="https://status.slack.com/" data-qa="status" data-clog-event="WEBSITE_CLICK" data-clog-params="click_target=footer_status">Status</a></li></ul></div></div></section><div class="footnote"><section><a href="https://slack.com" aria-label="Slack homepage" data-clog-event="WEBSITE_CLICK" data-clog-params="click_target=footer_slack_icon"><ts-icon class="c-icon--slack" aria-hidden></ts-icon></a><ul><li><a href="/help/contact" data-qa="contact_us" data-clog-event="WEBSITE_CLICK" data-clog-params="click_target=footer_contact_us">Contact Us</a></li><li><a href="https://twitter.com/SlackHQ" data-qa="slack_twitter" data-clog-event="WEBSITE_CLICK" data-clog-params="click_target=footer_slack_twitter" aria-label="Slack on Twitter"><ts-icon class="ts_icon_twitter" aria-hidden></ts-icon></a></li><li class="yt"><a href="https://www.youtube.com/channel/UCY3YECgeBcLCzIrFLP4gblw" data-qa="slack_youtube" data-clog-event="WEBSITE_CLICK" data-clog-params="click_target=footer_slack_youtube" aria-label="Slack on YouTube"><ts-icon class="ts_icon_youtube" aria-hidden></ts-icon></a></li></ul></section></div></footer><script type="text/javascript">
/**
 * A placeholder function that the build script uses to
 * replace file paths with their CDN versions.
 *
 * @param {String} file_path - File path
 * @returns {String}
 */
function vvv(file_path) {
		 var vvv_warning = 'You cannot use vvv on dynamic values. Please make sure you only pass in static file paths.'; if (window.TS && window.TS.warn) { window.TS.warn(vvv_warning); } else { console.warn(vvv_warning); } 
	return file_path;
}

var cdn_url = "https:\/\/a.slack-edge.com";
var vvv_abs_url = "https:\/\/slack.com\/";
var inc_js_setup_data = {
	emoji_sheets: {
		apple: 'https://a.slack-edge.com/80588/img/emoji_2017_12_06/sheet_apple_64_indexed_256.png',
		google: 'https://a.slack-edge.com/80588/img/emoji_2017_12_06/sheet_google_64_indexed_256.png',
	},
};
</script><script type="text/javascript">	// common boot_data
	var boot_data = {"api_url":"\/api\/","app":"web","user_id":null,"team_id":"T00000000","visitor_uid":"53hxdrqrxw8qhh3rzbb4m7bib","no_login":true,"version_ts":"1606455328","version_uid":"0ef91cc3bd587aa80a4ca921fed39b224e0c98f1","cache_version":"v21-nomad","cache_ts_version":"v2-bunny","redir_domain":"slack-redir.net","signin_url":"https:\/\/slack.com\/signin","abs_root_url":"https:\/\/slack.com\/","team_url":"","image_proxy_url":"https:\/\/slack-imgs.com\/","beacon_timing_url":"https:\/\/slack.com\/beacon\/timing","beacon_error_url":"https:\/\/slack.com\/beacon\/error","clog_url":"clog\/track\/","api_token":"","vvv_paths":{"lz_string":"https:\/\/a.slack-edge.com\/bv1-8\/lz-string-1.4.4.worker.8de1b00d670ff3dc706a0.js","codemirror":"https:\/\/a.slack-edge.com\/bv1-8\/codemirror.min.526f936924eef18f00bb.min.js","codemirror_addon_simple":"https:\/\/a.slack-edge.com\/bv1-8\/codemirror_simple.9bc76bb3260a5ed0e5dc.min.js","codemirror_load":"https:\/\/a.slack-edge.com\/bv1-8\/codemirror_load.f1a37f4e486b2c22105b.min.js","codemirror_files":{"javascript":"https:\/\/a.slack-edge.com\/bv1-8\/codemirror_lang_javascript.b295ef876eedafe83b39.min.js"}},"notification_sounds":[{"value":"b2.mp3","label":"Ding","url":"https:\/\/a.slack-edge.com\/7e91\/sounds\/push\/b2.mp3","url_ogg":"https:\/\/a.slack-edge.com\/46ebb\/sounds\/push\/b2.ogg"},{"value":"animal_stick.mp3","label":"Boing","url":"https:\/\/a.slack-edge.com\/7e91\/sounds\/push\/animal_stick.mp3","url_ogg":"https:\/\/a.slack-edge.com\/46ebb\/sounds\/push\/animal_stick.ogg"},{"value":"been_tree.mp3","label":"Drop","url":"https:\/\/a.slack-edge.com\/7e91\/sounds\/push\/been_tree.mp3","url_ogg":"https:\/\/a.slack-edge.com\/46ebb\/sounds\/push\/been_tree.ogg"},{"value":"complete_quest_requirement.mp3","label":"Ta-da","url":"https:\/\/a.slack-edge.com\/7e91\/sounds\/push\/complete_quest_requirement.mp3","url_ogg":"https:\/\/a.slack-edge.com\/46ebb\/sounds\/push\/complete_quest_requirement.ogg"},{"value":"confirm_delivery.mp3","label":"Plink","url":"https:\/\/a.slack-edge.com\/7e91\/sounds\/push\/confirm_delivery.mp3","url_ogg":"https:\/\/a.slack-edge.com\/46ebb\/sounds\/push\/confirm_delivery.ogg"},{"value":"flitterbug.mp3","label":"Wow","url":"https:\/\/a.slack-edge.com\/7e91\/sounds\/push\/flitterbug.mp3","url_ogg":"https:\/\/a.slack-edge.com\/46ebb\/sounds\/push\/flitterbug.ogg"},{"value":"here_you_go_lighter.mp3","label":"Here you go","url":"https:\/\/a.slack-edge.com\/7e91\/sounds\/push\/here_you_go_lighter.mp3","url_ogg":"https:\/\/a.slack-edge.com\/46ebb\/sounds\/push\/here_you_go_lighter.ogg"},{"value":"hi_flowers_hit.mp3","label":"Hi","url":"https:\/\/a.slack-edge.com\/7e91\/sounds\/push\/hi_flowers_hit.mp3","url_ogg":"https:\/\/a.slack-edge.com\/46ebb\/sounds\/push\/hi_flowers_hit.ogg"},{"value":"knock_brush.mp3","label":"Knock Brush","url":"https:\/\/a.slack-edge.com\/7e91\/sounds\/push\/knock_brush.mp3","url_ogg":"https:\/\/a.slack-edge.com\/46ebb\/sounds\/push\/knock_brush.ogg"},{"value":"save_and_checkout.mp3","label":"Whoa!","url":"https:\/\/a.slack-edge.com\/7e91\/sounds\/push\/save_and_checkout.mp3","url_ogg":"https:\/\/a.slack-edge.com\/46ebb\/sounds\/push\/save_and_checkout.ogg"},{"value":"item_pickup.mp3","label":"Yoink","url":"https:\/\/a.slack-edge.com\/7e91\/sounds\/push\/item_pickup.mp3","url_ogg":"https:\/\/a.slack-edge.com\/46ebb\/sounds\/push\/item_pickup.ogg"},{"value":"hummus.mp3","label":"Hummus","url":"https:\/\/a.slack-edge.com\/7fa9\/sounds\/push\/hummus.mp3","url_ogg":"https:\/\/a.slack-edge.com\/46ebb\/sounds\/push\/hummus.ogg"},{"value":"none","label":"None"}],"alert_sounds":[{"value":"frog.mp3","label":"Frog","url":"https:\/\/slack.global.ssl.fastly.net\/a34a\/sounds\/frog.mp3"}],"call_sounds":[{"value":"call\/alert_v2.mp3","label":"Alert","url":"https:\/\/slack.global.ssl.fastly.net\/08f7\/sounds\/call\/alert_v2.mp3"},{"value":"call\/incoming_ring_v2.mp3","label":"Incoming ring","url":"https:\/\/slack.global.ssl.fastly.net\/08f7\/sounds\/call\/incoming_ring_v2.mp3"},{"value":"call\/outgoing_ring_v2.mp3","label":"Outgoing ring","url":"https:\/\/slack.global.ssl.fastly.net\/08f7\/sounds\/call\/outgoing_ring_v2.mp3"},{"value":"call\/pop_v2.mp3","label":"Incoming reaction","url":"https:\/\/slack.global.ssl.fastly.net\/08f7\/sounds\/call\/pop_v2.mp3"},{"value":"call\/they_left_call_v2.mp3","label":"They left call","url":"https:\/\/slack.global.ssl.fastly.net\/08f7\/sounds\/call\/they_left_call_v2.mp3"},{"value":"call\/you_left_call_v2.mp3","label":"You left call","url":"https:\/\/slack.global.ssl.fastly.net\/08f7\/sounds\/call\/you_left_call_v2.mp3"},{"value":"call\/they_joined_call_v2.mp3","label":"They joined call","url":"https:\/\/slack.global.ssl.fastly.net\/08f7\/sounds\/call\/they_joined_call_v2.mp3"},{"value":"call\/you_joined_call_v2.mp3","label":"You joined call","url":"https:\/\/slack.global.ssl.fastly.net\/08f7\/sounds\/call\/you_joined_call_v2.mp3"},{"value":"call\/confirmation_v2.mp3","label":"Confirmation","url":"https:\/\/slack.global.ssl.fastly.net\/08f7\/sounds\/call\/confirmation_v2.mp3"}],"call_sounds_version":"v2","img":{"app_icon":"https:\/\/a.slack-edge.com\/80588\/img\/slack_growl_icon_vogue.png"},"page_needs_enterprise":false,"page_needs_custom_emoji":false,"is_deprecated_webclient_browser":false,"is_unsupported_webclient_browser":false,"team_has_discount":true,"default_tz":"America\/Los_Angeles","feature_builder_manage_many_workflows":false,"feature_builder_question_type_date":false,"feature_display_email_addresses_to_radio":true,"feature_alt_channels_reducer":true,"feature_jsf_1619":true,"feature_desktop_lazy_load_emoji":false,"feature_edu_88_ga":true,"feature_bulk_user_reactivation_grid":true,"feature_builder_multistep_collaborators_modal":false,"feature_builder_allow_custom_time_scheduled_trigger":true,"feature_builder_scheduled_trigger":true,"feature_builder_message_button_helper_text":false,"feature_builder_creation_org_policy":true,"feature_builder_extensions":true,"feature_builder_extension_steps_pref":true,"feature_builder_access_error_content":false,"feature_builder_paginate_workflows_list":true,"feature_builder_step_library":true,"feature_builder_team_apps_translations":false,"feature_builder_apps_collection_link":false,"feature_apps_can_submit_with_workflow_steps":true,"feature_builder_unique_trigger_id_output":false,"feature_builder_feedback_button":false,"feature_builder_message_step_rich_text":true,"feature_chime_access_check":true,"feature_app_views_v1":true,"feature_audit_logs_view":false,"feature_audit_logs_view_workspace":false,"feature_org_teams_in_local_config":true,"feature_data_location_new_translations":false,"feature_default_browser_control_v2":true,"feature_accessible_selects":true,"feature_select_on_tab":true,"feature_pronouns_in_profile":false,"feature_builder_disable_global_triggers":true,"feature_workflow_builder_enabled_org_setting":true,"feature_builder_can_access":true,"feature_always_show_archive_channel_option":true,"feature_org_dashboard_gantry_access":false,"feature_org_dash_gantry_redirect":false,"feature_org_dashboard_gantry_apps_migration":false,"feature_org_dashboard_gantry_teams_migration":false,"feature_info_barriers":false,"feature_day2_share_modal":true,"feature_granular_dnd":false,"feature_custom_dnd_translations":false,"feature_informative_announce_only_footer_translations":false,"feature_context_bar_tz_issues":false,"feature_newxp_4401":true,"feature_newxp_4281":true,"feature_newxp_3848":true,"feature_day1_convo":true,"feature_channel_browser_day1":true,"feature_day1_approved_domains_after_invite":true,"feature_day1_channel_examples":false,"feature_copy_joiner_flow":true,"feature_approved_orgs":true,"feature_newxp_3279":true,"feature_newxp_4160":true,"feature_newxp_4153":true,"feature_newxp_4202":true,"feature_tinyspeck":false,"feature_qr_code_invite":false,"feature_generate_lightweight_dm_link":false,"feature_connect_dm_early_access":true,"feature_disconnect_lightweight_dm":true,"feature_scdm_verified_orgs_pref":false,"feature_olug_esc_channels_work":true,"feature_olug_remove_required_workspace_setting":false,"feature_data_table_in_org_level_user_groups":false,"feature_org_info_m11n":false,"feature_org_settings_m11n":false,"feature_deprecate_get_member_by_name":false,"feature_unknown_files":true,"feature_unknown_messages":true,"feature_add_message_perf":false,"feature_fix_custom_emoji_errors":true,"feature_modern_delete_file":true,"feature_copy_channel_link":true,"feature_collapse_reactions":false,"feature_ia_status_button":true,"feature_full_profile_link":true,"feature_print_pdf":false,"feature_safari10_deprecation":true,"feature_safari10_deprecation_modal":true,"feature_safari10_deprecation_block":true,"feature_desktop460_deprecation":false,"feature_desktop460_deprecation_block":false,"feature_email_workflow":false,"feature_wider_reaction_tip":false,"feature_file_picker_search":false,"feature_sort_by_recency_post_v1":false,"feature_audio_player":false,"feature_show_replies_immediately":true,"feature_composer_email_classification":false,"feature_amazon_a11y_custom_status_emoji":true,"feature_amazon_a11y_activity_labels":true,"feature_file_threads":true,"feature_broadcast_indicator":true,"feature_new_replies_after_bcast":true,"feature_sonic_emoji":true,"feature_emoji_12":false,"feature_email_ingestion":false,"feature_attachments_inline":false,"feature_fix_files":true,"feature_aaa_admin_apis":true,"feature_remove_actions_from_sidebar":false,"feature_shortcuts_v2_education":true,"feature_pad_1534":false,"feature_app_launcher_banners":false,"feature_app_launcher_search_pagination":false,"feature_channel_sidebar_drafts_section":true,"feature_navigate_history":true,"feature_i18n_drafts":false,"feature_composer_ura_mpdm":true,"feature_recent_status_delete":true,"feature_compose_flow":true,"feature_compose_flow_xws":true,"feature_faster_count_all_unreads":true,"feature_sonic_user_groups":false,"feature_channel_selector_for_team_guests_update":true,"feature_sk_data_table_pinned_rows_and_columns":false,"feature_desktop_symptom_events":true,"feature_data_residency_debugging":false,"feature_new_subteam_linked_channel_limit":true,"feature_subteam_user_limit":true,"feature_ent_admin_approved_apps_v2":true,"feature_dashboard_sortable_lists":false,"feature_sk_loading_button_motions":true,"feature_sk_base_icon":true,"feature_sk_basic_select_arialabel":false,"feature_sk_required_arialabel":false,"feature_ce_eng_search_demo":false,"feature_ce_eng_help_vitess":false,"feature_trials_contact_topic":true,"feature_app_dir_phoenix":false,"feature_app_submission_holiday_shutdown":false,"feature_app_submission_opt_out":false,"feature_shared_channels_multi_org":false,"feature_shared_channels_multi_org_mpim":true,"feature_shared_channels_multi_org_mpim_fe":true,"feature_chat_mpim_open_refactor_fe_copy":true,"feature_find_an_admin_disconnect_explainer":false,"feature_shared_channels_multi_org_invites_be":true,"feature_shared_channels_legacy_reconnect":true,"feature_shared_channels_multi_org_qa_limit_override":false,"feature_multi_workspace_shared_channels_be":false,"feature_esc_to_mwsc_prototype_be":false,"feature_mwsc_xws_to_esc":false,"feature_drafts_destinations_channel_migration":false,"feature_revoke_esc_invites_fe":true,"feature_mwsc_esc_to_xws":false,"feature_mwsc_disconnect":false,"feature_remove_double_rings":false,"feature_remove_double_diamonds":false,"feature_channels_view_in_msc":false,"feature_shared_channels_emoji_delight":true,"feature_create_private_c_channels":false,"feature_gdpr_user_join_tos":true,"feature_user_invite_tos_april_2018":true,"feature_fetch_team_users_csv_export_job":false,"feature_roles_are_fresh_phase_1":false,"feature_search_enterprise_return_correct_count":true,"feature_channel_mgmt_message_count":false,"feature_proj_slack_connect_featured":true,"feature_neue_type":false,"feature_cust_acq_i18n_tweaks":false,"feature_exp_bold_prospect_hp":false,"feature_exp_native_app_hp":false,"feature_project_trust_center":false,"feature_whitelist_zendesk_chat_widget":false,"feature_commendations_spy":true,"feature_xws_i18n":false,"feature_use_imgproxy_resizing":true,"feature_share_mention_comment_cleanup":false,"feature_boards_i18n":false,"feature_boards_in_dev":false,"feature_disable_bk_in_thread":true,"feature_new_locale_toast":true,"feature_channel_exports":false,"feature_docs_mentions_and_channels":false,"feature_calls_survey_request_response":true,"feature_token_ip_whitelist":true,"feature_sidebar_theme_undo":true,"feature_allow_intra_word_formatting":true,"feature_i18n_channels_validate_emoji":true,"feature_fw_eng_normalization":true,"feature_slim_scrollbar":false,"feature_primary_search":false,"feature_steeple_church":true,"feature_steeple_church_link":true,"feature_steeple_church_ext":true,"feature_strollers_to_perch":true,"feature_file_browser_v2":false,"feature_people_search":false,"feature_react_messages":true,"feature_edge_upload_proxy_check":true,"feature_unread_counts_delay":true,"feature_legacy_file_upload_analytics":true,"feature_mpdm_limit_channel_creation":false,"feature_snippet_modes_i18n":false,"feature_ekm_message_revocation_polling_test":false,"feature_team_admins_list_api":true,"feature_moved_details":false,"feature_alt_members_reducer":true,"feature_ms_latest":true,"feature_guests_use_entitlements":true,"feature_rooms_join_api":true,"feature_rooms_join_url":false,"feature_calls_sip_integration_labels":false,"feature_tasks_v1_copy":false,"feature_custom_status_calendar_sync_copy":true,"feature_custom_status_calendar_sync":true,"feature_mask_undocumented_errors":true,"feature_app_actions_admin_pages":true,"feature_app_views_reminders":true,"feature_reminders_org_shard":true,"feature_reminders_grid_migrations_org_shard":true,"feature_blocks_reminders_list":false,"feature_share_message_via_message_blocks":false,"feature_message_blocks":false,"feature_silence_app_dms":false,"feature_set_tz_automatically":true,"feature_confirm_clear_all_unreads_pref":true,"feature_block_mounts":true,"feature_attachments_v2":true,"feature_block_kit_expandable_block":false,"feature_group_block":false,"feature_block_kit_deep_links":true,"feature_show_block_kit_in_share_dialogs":false,"feature_block_kit_user_block":false,"feature_block_kit_radio_buttons":true,"feature_mrkdwn_on_radio_button":true,"feature_block_kit_table":false,"feature_checkboxes_radios_in_messages":true,"feature_input_block_pti_wfb_dispatch_action":true,"feature_input_blocks_emit_actions":true,"feature_bbk_refactor":false,"feature_block_kit_full_actions_state":true,"feature_input_blocks_in_app_home":true,"feature_header_block":true,"feature_input_blocks_in_messages":false,"feature_block_kit_full_view_state":true,"feature_block_kit_action_section_in_view_state":true,"feature_block_kit_state_in_blocks_actions":true,"feature_block_kit_empty_state_translation_for_view_state":true,"feature_views_app_opt_out_tda_dev":false,"feature_views_app_opt_out_tda_prod":true,"feature_multiselects_in_actions_block":false,"feature_block_kit_range_datepicker":false,"feature_delete_app_homes_associated_with_deleted_service":false,"feature_soft_delete_app_homes_on_user_deactivation":false,"feature_block_kit_timepicker":true,"feature_block_kit_timepicker_remind":true,"feature_block_kit_datepicker_input":true,"feature_block_kit_remount_on_update":false,"feature_add_app_home_team_name":false,"feature_beacon_js_errors":false,"feature_beacon_js_admin_errors":false,"feature_user_app_disable_speed_bump":true,"feature_tractor_shared_invite_link":true,"feature_newxp_2119":true,"feature_tractor_backup_channelname_copy":true,"feature_degraded_rtm_always_fails":false,"feature_apps_manage_permissions_scope_changes":true,"feature_reminder_cross_workspace":true,"feature_p2p":false,"feature_classic_nav":false,"feature_new_reactions":true,"feature_pages_example":false,"feature_sonic_pins":false,"feature_sonic_video_placeholder":true,"feature_iap1":false,"feature_ia_ga":true,"feature_ia_debug_off":false,"feature_ia_i18n":true,"feature_ia_themes":true,"feature_ia_member_profile":true,"feature_workspace_scim_management":false,"feature_unified_member":false,"feature_turn_mpdm_notifs_on":true,"feature_desktop_reload_on_generic_error":true,"feature_desktop_extend_app_menu":false,"feature_desktop_restart_service_worker":false,"feature_desktop_system_notification_playback":false,"feature_a11y_dyslexic":false,"feature_dolores":false,"feature_desktop_force_production_channel":false,"feature_desktop_logs_upload":true,"feature_macos_disable_hw":true,"feature_slack_connect_dm_email_modal":false,"feature_slack_connect_dm_choose_team_view_i18n":false,"feature_slack_connect_dm_single_use_code":false,"feature_verified_orgs_be":true,"feature_bots_not_members":true,"feature_wta_stop_creation":true,"feature_m11n_channel_details":false,"feature_platform_deprecations_fe":true,"feature_app_manifest_create_ui":false,"feature_channel_actions":true,"feature_screen_share_needs_aero":false,"feature_emoji_by_id":true,"feature_mc_migration_banner":true,"feature_update_multiworkspace_channel_modal":true,"feature_modern_request_workspace_dialog":false,"feature_workspace_apps_manage_gantry":true,"feature_workspace_apps_manage_gantry_v2_r1":true,"feature_app_admin_buttons_speedbump":true,"feature_app_admin_buttons_speedbump_v2":true,"feature_modern_profile_flexpane":false,"feature_scg_conversion_channels":true,"feature_enterprise_retention_allow_override_on_org_level_channels":false,"feature_enterprise_retention_admin_retention_by_ccm":false,"feature_track_time_spent":true,"feature_channel_invite_tokenization":true,"feature_imports_cancel":true,"feature_email_workobject_ui":false,"feature_email_notify":false,"feature_email_force_download":true,"feature_office_directory":false,"feature_improved_email_rendering":false,"feature_calendar_simple_agenda_view":false,"feature_team_themes":false,"feature_unfurl_metadata":false,"feature_paperclip_coachmark_experiments":true,"feature_plus_menu_add_apps_link":false,"feature_rename_channel_disable_feedback_i18n":false,"feature_recent_files_omnipicker":false,"feature_recent_desktop_files":false,"feature_connect_deeplink":false,"feature_link_protocol_beta":false,"feature_stripe_light_legacy_purchase_mode":false,"feature_checkout_force_into_legacy":false,"feature_sonic_placeholder_labels":false,"feature_sonic_esc_creation":false,"feature_dangerously_guard_ia_translations":false,"feature_ia_context_menus":true,"feature_ia_layout":true,"feature_misc_ia_a11y_translations":false,"feature_threaded_call_block":false,"feature_enable_read_time_validations_for_shortcuts":true,"feature_message_actions_in_app_actions_framework_client":true,"feature_message_actions_in_app_actions_framework_developer":true,"feature_slack_message_attachment_tooltip":false,"feature_enterprise_mobile_device_check":true,"feature_shared_channels_custom_emojis_url":false,"feature_new_copy_for_identity_basic":false,"feature_sonic_leave_workspace_dialog":false,"feature_shared_channels_new_user_trial":true,"feature_shared_channels_inviter_trial":false,"feature_sc_invite_join_pending_channel_action":true,"feature_shared_channels_multi_email_invite":true,"feature_shared_channels_90_day_trial_inviter":false,"feature_shared_channels_day1_creator":true,"feature_shared_channels_accept_flow_v2":false,"feature_shared_channels_happier_paths":false,"feature_late_payment_success_notification":true,"feature_australia_tax_change_notification":true,"feature_shared_channel_invites_v2":true,"feature_better_invites_call_v2_api":true,"feature_shared_channels_invite_email_bounce_notification":true,"feature_shared_channels_content":true,"feature_shared_channels_trial_edu":true,"feature_user_invite_email_bounce_notification_translation":true,"feature_paid_onboarding_pageupdate":true,"feature_trace_webapp_init":true,"feature_trace_jq_init":true,"feature_trial_end_l10n":true,"feature_seven_days_email_update":true,"feature_partner_terms_i18n":false,"feature_modern_plan_change":false,"feature_trial_new_year_modal_copy":false,"feature_stripe_completely_down_banner":false,"feature_fair_billing_detail_invoice_statements":false,"feature_checkout_zip_autocomplete_translations":true,"feature_billing_member_email_updates":false,"feature_uae_tax_id_collection":true,"feature_chile_tax_id_collection":true,"feature_ksa_tax_id_collection":true,"feature_indonesia_tax_change_notification":false,"feature_indonesia_tax_assessment":false,"feature_update_timeseries_member_counts":false,"feature_modernize_org_team_analytics":false,"feature_modernize_org_channel_analytics":false,"feature_modernize_org_member_analytics":false,"feature_messages_from_apps_analytics":false,"feature_org_level_apps":false,"feature_org_level_apps_custom":false,"feature_channel_sections":true,"feature_channel_sections_sidebar_behavior_ui":false,"feature_analytics_scim_fields_paid":false,"feature_google_directory_invites":false,"feature_migrate_google_directory_apis":true,"feature_show_email_forwarded_by":false,"feature_new_enough_periodic_reloads":false,"feature_builder_workflow_activity":true,"feature_builder_workflow_activity_block_non_collabs":false,"feature_builder_export_form_csv_admin":true,"feature_rate_limit_app_creation":true,"feature_giphy_shortcut":true,"feature_download_finder_update":true,"feature_onedrive_and_sharepoint_translations":false,"feature_share_modal_dialog":true,"feature_block_files_esc":false,"feature_channel_sidebar_summary":false,"feature_edu_101":false,"feature_newxp_4688":true,"feature_ultralight_beam":false,"feature_app_dir_gran_bot_submit":true,"feature_ls_holiday_hours":false,"feature_app_dir_workflow_steps":true,"feature_app_dir_workflow_steps_promo":true,"feature_app_listing_refresh_org_deploys":false,"feature_parsec_methods":false,"feature_soul_searchers":false,"feature_snd_query_refinements":true,"feature_primary_owner_consistent_roles":true,"feature_siws_links":false,"feature_locale_it_IT":false,"feature_locale_ko_KR":true,"feature_locale_ru_RU":false,"feature_locale_zh_CN":false,"feature_locale_zh_TW":false,"feature_search_filter_file_attachments":false,"feature_mpdm_audience_expansion":true,"feature_newxp_4312":false,"feature_ce_eng_search_zendesk_api":false,"feature_bk_error_messaging":true,"feature_large_emoji_in_tooltip":true,"feature_newxp_3795":false,"feature_new_notifications_string":false,"feature_apps_event_authorizations_list_endpoint_a7e51f":true,"feature_guard_channel_details_translations":false,"feature_verified_orgs_fe":true,"feature_msc_button_for_slackbot_msg":false,"feature_refine_your_search_i18n":true,"feature_file_actions_fix":true,"feature_inline_feedback":false,"feature_edu_182":false,"feature_idr_backfills":false,"feature_edu_187":false,"feature_add_to_channel_prototype":false,"feature_invite_to_channel_disabled_states":false,"feature_stripe_hack_migration":false,"feature_stripe_ssi":false,"feature_plan_benefits_day_one_trial_header_update_i18n":true,"feature_calls_location_warning_translations":false,"feature_esc_who_can_request_pref":true,"feature_slack_connect_allowed_workspaces_pref":false,"feature_context_menu_keyboard_shortcut":true,"feature_edu_196":true,"feature_edu_196_admin":true,"feature_search_aria_initial_state":true,"feature_paid_feature_trials_shared_channels_banner":true,"feature_free_trial_chat":true,"feature_uk_vat_hmrc_validation":false,"feature_invited_users_count":false,"feature_accessible_date_picker_select":false,"feature_universal_sidebar_prefs":false,"feature_file_upload_size_restricted":false,"feature_builder_improve_messaging":false,"feature_slack_connect_page_grid":false,"feature_ce_eng_help_flexpane_translation":false,"feature_sc_accept_channel_creation_reason":false,"feature_channel_unread_count_summary":false,"client_logs":{"0":{"numbers":["0"],"user_facing":false},"2":{"numbers":["2"],"user_facing":false},"4":{"numbers":["4"],"user_facing":false},"5":{"numbers":["5"],"user_facing":false},"23":{"numbers":["23"],"user_facing":false},"sounds":{"name":"sounds","numbers":["37"]},"37":{"name":"sounds","numbers":["37"],"user_facing":true},"47":{"numbers":["47"],"user_facing":false},"48":{"numbers":["48"],"user_facing":false},"Message History":{"name":"Message History","numbers":["58"]},"58":{"name":"Message History","numbers":["58"],"user_facing":true},"67":{"numbers":["67"],"user_facing":false},"72":{"numbers":["72"],"user_facing":false},"73":{"numbers":["73"],"user_facing":false},"82":{"numbers":["82"],"user_facing":false},"88":{"numbers":["88"],"user_facing":false},"91":{"numbers":["91"],"user_facing":false},"93":{"numbers":["93"],"user_facing":false},"96":{"numbers":["96"],"user_facing":false},"99":{"numbers":["99"],"user_facing":false},"Channel Marking (MS)":{"name":"Channel Marking (MS)","numbers":["141"]},"141":{"name":"Channel Marking (MS)","numbers":["141"],"user_facing":true},"Channel Marking (Client)":{"name":"Channel Marking (Client)","numbers":["142"]},"142":{"name":"Channel Marking (Client)","numbers":["142"],"user_facing":true},"Close Old IMs (Client)":{"name":"Close Old IMs (Client)","numbers":["221"]},"221":{"name":"Close Old IMs (Client)","numbers":["221"],"user_facing":true},"365":{"numbers":["365"],"user_facing":false},"389":{"numbers":["389"],"user_facing":false},"438":{"numbers":["438"],"user_facing":false},"444":{"numbers":["444"],"user_facing":false},"481":{"numbers":["481"],"user_facing":false},"488":{"numbers":["488"],"user_facing":false},"529":{"numbers":["529"],"user_facing":false},"552":{"numbers":["552"],"user_facing":false},"dashboard":{"name":"dashboard","numbers":["666"]},"666":{"name":"dashboard","numbers":["666"],"user_facing":false},"667":{"numbers":["667"],"user_facing":false},"773":{"numbers":["773"],"user_facing":false},"777":{"numbers":["777"],"user_facing":false},"794":{"numbers":["794"],"user_facing":false},"Client Responsiveness":{"name":"Client Responsiveness","user_facing":false,"numbers":["808"]},"808":{"name":"Client Responsiveness","user_facing":false,"numbers":["808"]},"Message Pane Scrolling":{"name":"Message Pane Scrolling","numbers":["888"]},"888":{"name":"Message Pane Scrolling","numbers":["888"],"user_facing":true},"Unread banner and divider":{"name":"Unread banner and divider","numbers":["999"]},"999":{"name":"Unread banner and divider","numbers":["999"],"user_facing":true},"1000":{"numbers":["1000"],"user_facing":false},"Duplicate badges (desktop app icons)":{"name":"Duplicate badges (desktop app icons)","numbers":["1701"]},"1701":{"name":"Duplicate badges (desktop app icons)","numbers":["1701"],"user_facing":true},"Members":{"name":"Members","numbers":["1975"]},"1975":{"name":"Members","numbers":["1975"],"user_facing":true},"lazy loading":{"name":"lazy loading","numbers":["1989"]},"1989":{"name":"lazy loading","numbers":["1989"],"user_facing":true},"thin_channel_membership":{"name":"thin_channel_membership","numbers":["1990"]},"1990":{"name":"thin_channel_membership","numbers":["1990"],"user_facing":true},"stats":{"name":"stats","numbers":["1991"]},"1991":{"name":"stats","numbers":["1991"],"user_facing":true},"ms":{"name":"ms","numbers":["1996"]},"1996":{"name":"ms","numbers":["1996"],"user_facing":true},"shared_channels_connection":{"name":"shared_channels_connection","numbers":["1999"]},"1999":{"name":"shared_channels_connection","numbers":["1999"],"user_facing":false},"dnd":{"name":"dnd","numbers":["2002"]},"2002":{"name":"dnd","numbers":["2002"],"user_facing":true},"2003":{"numbers":["2003"],"user_facing":false},"Threads":{"name":"Threads","numbers":["2004"]},"2004":{"name":"Threads","numbers":["2004"],"user_facing":true},"2005":{"numbers":["2005"],"user_facing":false},"Reactions":{"name":"Reactions","numbers":["2006"]},"2006":{"name":"Reactions","numbers":["2006"],"user_facing":true},"TSSSB.focusTabAndSwitchToChannel":{"name":"TSSSB.focusTabAndSwitchToChannel","numbers":["2007"]},"2007":{"name":"TSSSB.focusTabAndSwitchToChannel","numbers":["2007"],"user_facing":false},"Presence Detection":{"name":"Presence Detection","numbers":["2017"]},"2017":{"name":"Presence Detection","numbers":["2017"],"user_facing":true},"mc_sibs":{"name":"mc_sibs","numbers":["9999"]},"9999":{"name":"mc_sibs","numbers":["9999"],"user_facing":false},"Member searching":{"name":"Member searching","numbers":["90211"]},"90211":{"name":"Member searching","numbers":["90211"],"user_facing":true},"98765":{"numbers":["98765"],"user_facing":false},"8675309":{"numbers":["8675309"],"user_facing":false}},"experiment_assignments":{"social_nudge_v0":{"experiment_id":"57452636336","type":"team","group":"","trigger":"finished","log_exposures":false,"exposure_id":3822425181},"migrate_stats_to_cds":{"experiment_id":"70039090853","type":"team","group":"stats_cds","trigger":"finished","log_exposures":false,"exposure_id":3822425181},"migrate_stats_enable_dark_reads":{"experiment_id":"70047028338","type":"team","group":"stats_mysql_and_cds_dark_reads","trigger":"finished","log_exposures":false,"exposure_id":3822425181},"domain_signup_links_for_mobile":{"experiment_id":"70804845972","type":"team","group":"treatment","trigger":"finished","log_exposures":false,"exposure_id":3822425181},"update_invite_coachmarks_cta":{"experiment_id":"84280109270","type":"team","group":"invite_cm_got_ita","trigger":"finished","log_exposures":false,"exposure_id":3822425181},"google_contacts_invite_existing":{"experiment_id":"93086200404","type":"team","group":"google_contacts","trigger":"finished","log_exposures":false,"exposure_id":3822425181},"google_contacts_invite_new":{"experiment_id":"93096027173","type":"team","group":"","trigger":"finished","log_exposures":false,"exposure_id":3822425181},"edit_team_status_presets":{"experiment_id":"176895283504","type":"team","group":"treatment","trigger":"finished","log_exposures":false,"exposure_id":3822425181},"feat_onepage_signup_v2":{"experiment_id":"205971003682","type":"team","group":"single_page","trigger":"finished","log_exposures":false,"exposure_id":3822425181},"no_content_avails":{"experiment_id":"272365364819","type":"team","group":"treatment","trigger":"finished","log_exposures":false,"exposure_id":3822425181},"apns2_part_2":{"experiment_id":"283505922689","type":"team","group":"","trigger":"finished","log_exposures":false,"exposure_id":3822425181},"apns_collapse":{"experiment_id":"286616632582","type":"team","group":"","trigger":"finished","log_exposures":false,"exposure_id":3822425181},"search_test_exp_2":{"experiment_id":"394969365857","type":"team","group":"","trigger":"finished","log_exposures":false,"exposure_id":3822425181},"search_improvements":{"experiment_id":"396534667719","type":"team","group":"search_improvements","trigger":"finished","log_exposures":false,"exposure_id":3822425181},"sfmc_paidslack_webinar":{"experiment_id":"398407564070","type":"team","group":"treatment","trigger":"hash_team","log_exposures":true,"exposure_id":3822425181},"stripe_l3_data":{"experiment_id":"402252049446","type":"team","group":"treatment","trigger":"finished","log_exposures":false,"exposure_id":3822425181},"search_improvements_enterprise":{"experiment_id":"402584856352","type":"team","group":"search_improvements_enterprise","trigger":"finished","log_exposures":false,"exposure_id":3822425181},"stripe_l3_data_v2":{"experiment_id":"404550106855","type":"team","group":"treatment","trigger":"finished","log_exposures":false,"exposure_id":3822425181},"calls_orca_beta_2018_08_28":{"experiment_id":"424285508673","type":"team","group":"","trigger":"finished","log_exposures":false,"exposure_id":3822425181},"new_dunning_notifs":{"experiment_id":"443295043686","type":"team","group":"treatment","trigger":"finished","log_exposures":false,"exposure_id":3822425181},"channel_search_indexing":{"experiment_id":"527816425013","type":"team","group":"channel_search_indexing","trigger":"launch_team","log_exposures":false,"exposure_id":3822425181},"untrusted_devices_copy":{"experiment_id":"546106345059","type":"team","group":"treatment","trigger":"launch_team","log_exposures":false,"exposure_id":3822425181},"newxp_2063":{"experiment_id":"572727283366","type":"team","group":"treatment","trigger":"finished","log_exposures":false,"exposure_id":3822425181},"local_pricing":{"experiment_id":"578825115026","type":"team","group":"treatment","trigger":"finished","log_exposures":false,"exposure_id":3822425181},"lc_checkout_legacy_xhp_flip":{"experiment_id":"579084333493","type":"team","group":"treatment","trigger":"finished","log_exposures":false,"exposure_id":3822425181},"channel_search_top_terms":{"experiment_id":"579371808119","type":"team","group":"channel_search_top_terms","trigger":"launch_team","log_exposures":false,"exposure_id":3822425181},"better_email_decoding":{"experiment_id":"582142370787","type":"team","group":"treatment","trigger":"hash_team","log_exposures":true,"exposure_id":3822425181},"notify_upon_channel_invite":{"experiment_id":"594633593813","type":"team","group":"treatment","trigger":"finished","log_exposures":false,"exposure_id":3822425181},"steeple_church":{"experiment_id":"595499694579","type":"team","group":"steeple_church","trigger":"finished","log_exposures":false,"exposure_id":3822425181},"i18n_toast_en_gb":{"experiment_id":"607556141969","type":"team","group":"treatment","trigger":"finished","log_exposures":false,"exposure_id":3822425181},"i18n_toast_pt_br":{"experiment_id":"613809025904","type":"team","group":"treatment","trigger":"finished","log_exposures":false,"exposure_id":3822425181},"i18n_toast_es_la":{"experiment_id":"613819414576","type":"team","group":"treatment","trigger":"finished","log_exposures":false,"exposure_id":3822425181},"lc_mon_checkout_prominent_schedule_selector":{"experiment_id":"636276422023","type":"team","group":"control","trigger":"finished","log_exposures":false,"exposure_id":3822425181},"stars_vitess_light_by_team":{"experiment_id":"646945740566","type":"team","group":"light","trigger":"finished","log_exposures":false,"exposure_id":3822425181},"calls_sunset_interactive_message":{"experiment_id":"648981938129","type":"team","group":"enabled","trigger":"finished","log_exposures":false,"exposure_id":3822425181},"stars_vitess_light_by_enterprise":{"experiment_id":"649016204673","type":"team","group":"light","trigger":"finished","log_exposures":false,"exposure_id":3822425181},"pricing_page_benefits_email":{"experiment_id":"649406603829","type":"team","group":"no_email","trigger":"hash_team","log_exposures":true,"exposure_id":3822425181},"platform_gdrive_in_sidebar_stdplus_install":{"experiment_id":"652712652679","type":"team","group":"variant","trigger":"finished","log_exposures":false,"exposure_id":3822425181},"checkout_full_schedule_selector":{"experiment_id":"659759601445","type":"team","group":"control","trigger":"finished","log_exposures":false,"exposure_id":3822425181},"message_limit_email":{"experiment_id":"660542603024","type":"team","group":"email","trigger":"finished","log_exposures":false,"exposure_id":3822425181},"human_assist_email":{"experiment_id":"660853856416","type":"team","group":"","trigger":"finished","log_exposures":false,"exposure_id":3822425181},"sfmc_dev_app_home_opened":{"experiment_id":"666095530050","type":"team","group":"email_now","trigger":"hash_team","log_exposures":true,"exposure_id":3822425181},"free_trial_onboarding_revamp":{"experiment_id":"668509836754","type":"team","group":"receive_email_series","trigger":"finished","log_exposures":false,"exposure_id":3822425181},"wysiwyg_messages_webapp":{"experiment_id":"668558052081","type":"team","group":"wysiwyg_messages_webapp","trigger":"launch_team","log_exposures":false,"exposure_id":3822425181},"local_discount_awareness":{"experiment_id":"676574190244","type":"team","group":"treatment1","trigger":"finished","log_exposures":false,"exposure_id":3822425181},"wysiwyg_composer_webapp":{"experiment_id":"677003809188","type":"team","group":"wysiwyg_composer_webapp","trigger":"launch_team","log_exposures":false,"exposure_id":3822425181},"teams_lookup_for_shared_channels":{"experiment_id":"677064708369","type":"team","group":"always_lookup","trigger":"launch_team","log_exposures":false,"exposure_id":3822425181},"show_more_apps_in_sidebar_new_and_free":{"experiment_id":"678193947031","type":"team","group":"control","trigger":"finished","log_exposures":false,"exposure_id":3822425181},"desktop_release_test_eta_win32_4___1___0__alpha1":{"experiment_id":"683827429844","type":"team","group":"receives_desktop_update","trigger":"launch_team","log_exposures":false,"exposure_id":3822425181},"request_to_invite":{"experiment_id":"683970366418","type":"team","group":"treatment","trigger":"finished","log_exposures":false,"exposure_id":3822425181},"calls_modern_from_legacy_team":{"experiment_id":"685212209062","type":"team","group":"enabled","trigger":"finished","log_exposures":false,"exposure_id":3822425181},"calls_modern_from_legacy_paid_team":{"experiment_id":"690075811783","type":"team","group":"enabled","trigger":"finished","log_exposures":false,"exposure_id":3822425181},"message_limit_social_proof_test":{"experiment_id":"694754674131","type":"team","group":"both_emails_in_series","trigger":"finished","log_exposures":false,"exposure_id":3822425181},"checkout_modern_add_negative_balance":{"experiment_id":"696163413809","type":"team","group":"treatment","trigger":"finished","log_exposures":false,"exposure_id":3822425181},"tenured_teams_user_searches_email":{"experiment_id":"699306976192","type":"team","group":"no_email","trigger":"hash_team","log_exposures":true,"exposure_id":3822425181},"checkoutv2_paid_onboarding":{"experiment_id":"702519900165","type":"team","group":"treatment","trigger":"finished","log_exposures":false,"exposure_id":3822425181},"vitess_files_team_tier_prod_sunset_free":{"experiment_id":"709730125110","type":"team","group":"migrate","trigger":"launch_team","log_exposures":false,"exposure_id":3822425181},"my_test_experiment":{"experiment_id":"710722351712","type":"team","group":"","trigger":"finished","log_exposures":false,"exposure_id":3822425181},"get_ext_users_light_mode_path":{"experiment_id":"711058489861","type":"team","group":"teams","trigger":"finished","log_exposures":false,"exposure_id":3822425181},"vitess_files_team_tier_prod_light_enterprise":{"experiment_id":"713111949350","type":"team","group":"migrate","trigger":"launch_team","log_exposures":false,"exposure_id":3822425181},"vitess_files_team_tier_prod_light_std":{"experiment_id":"713130671318","type":"team","group":"migrate","trigger":"launch_team","log_exposures":false,"exposure_id":3822425181},"desktop_release_eta_win32_4___1___0__alpha5":{"experiment_id":"717775990850","type":"team","group":"receives_desktop_update","trigger":"launch_team","log_exposures":false,"exposure_id":3822425181},"desktop_release_eta_darwin_4___1___0__alpha5":{"experiment_id":"717776094147","type":"team","group":"receives_desktop_update","trigger":"launch_team","log_exposures":false,"exposure_id":3822425181},"desktop_release_eta_darwin_4___1___0__alpha1":{"experiment_id":"720403999380","type":"team","group":"receives_desktop_update","trigger":"launch_team","log_exposures":false,"exposure_id":3822425181},"pricing_page_benefits_email_v2":{"experiment_id":"721799168641","type":"team","group":"no_email","trigger":"finished","log_exposures":false,"exposure_id":3822425181},"vitess_files_team_tier_prod_light_plus":{"experiment_id":"731587830034","type":"team","group":"migrate","trigger":"launch_team","log_exposures":false,"exposure_id":3822425181},"jq_kill_switch_aops_1217":{"experiment_id":"733208906503","type":"team","group":"jq_kill_switch_aops_1217","trigger":"launch_team","log_exposures":false,"exposure_id":3822425181},"channel_notification_settings":{"experiment_id":"735687176757","type":"team","group":"new_design","trigger":"launch_team","log_exposures":false,"exposure_id":3822425181},"imports_channel_table_separation":{"experiment_id":"736112524838","type":"team","group":"","trigger":"finished","log_exposures":false,"exposure_id":3822425181},"ekm_async_api":{"experiment_id":"736772027616","type":"team","group":"ekm_async_on","trigger":"finished","log_exposures":false,"exposure_id":3822425181},"exp_return_cached_ext_dms":{"experiment_id":"742209013446","type":"team","group":"teams","trigger":"finished","log_exposures":false,"exposure_id":3822425181},"deprecate_charge_high_balance":{"experiment_id":"743042212418","type":"team","group":"treatment","trigger":"finished","log_exposures":false,"exposure_id":3822425181},"migrate_push_badge_count":{"experiment_id":"747723917109","type":"team","group":"treatment","trigger":"finished","log_exposures":false,"exposure_id":3822425181},"vitess_files_team_tier_prod_sunset_compliance":{"experiment_id":"759147106147","type":"team","group":"migrate","trigger":"launch_team","log_exposures":false,"exposure_id":3822425181},"exp_get_team_chan_mems_simplify":{"experiment_id":"760832236274","type":"team","group":"teams","trigger":"finished","log_exposures":false,"exposure_id":3822425181},"vitess_files_team_tier_prod_sunset_plus":{"experiment_id":"764201649201","type":"team","group":"migrate","trigger":"launch_team","log_exposures":false,"exposure_id":3822425181},"shared_channels_free_trial":{"experiment_id":"769914623831","type":"team","group":"treatment","trigger":"finished","log_exposures":false,"exposure_id":3822425181},"vitess_files_team_tier_prod_sunset_std":{"experiment_id":"770153226372","type":"team","group":"migrate","trigger":"launch_team","log_exposures":false,"exposure_id":3822425181},"newxp_2372_2":{"experiment_id":"778176184996","type":"team","group":"treatment_b","trigger":"finished","log_exposures":false,"exposure_id":3822425181},"gsuite_email_audience2_scale_admins_pt2":{"experiment_id":"781491944899","type":"team","group":"email_scale_admins","trigger":"launch_team","log_exposures":false,"exposure_id":3822425181},"mpim_members_cache_team":{"experiment_id":"783519220595","type":"team","group":"cache","trigger":"launch_team","log_exposures":false,"exposure_id":3822425181},"limit_meter_spanish_no_abbreviations":{"experiment_id":"784748427445","type":"team","group":"treatment","trigger":"finished","log_exposures":false,"exposure_id":3822425181},"better_invites":{"experiment_id":"792270323923","type":"team","group":"treatment","trigger":"launch_team","log_exposures":false,"exposure_id":3822425181},"desktop_release_beta_win32_4___1___1":{"experiment_id":"792480938402","type":"team","group":"receives_desktop_update","trigger":"launch_team","log_exposures":false,"exposure_id":3822425181},"desktop_release_alpha_win32_4___1___1":{"experiment_id":"792480945394","type":"team","group":"receives_desktop_update","trigger":"launch_team","log_exposures":false,"exposure_id":3822425181},"o365_email_audience2_scale_admins":{"experiment_id":"792979794485","type":"team","group":"email_scale_admins","trigger":"launch_team","log_exposures":false,"exposure_id":3822425181},"desktop_release_prod_darwin_4___1___0":{"experiment_id":"793794558387","type":"team","group":"receives_desktop_update","trigger":"launch_team","log_exposures":false,"exposure_id":3822425181},"service_bot_fill_id_later":{"experiment_id":"795887468964","type":"team","group":"treatment","trigger":"finished","log_exposures":false,"exposure_id":3822425181},"desktop_release_beta_darwin_4___1___0":{"experiment_id":"804800299460","type":"team","group":"receives_desktop_update","trigger":"launch_team","log_exposures":false,"exposure_id":3822425181},"desktop_release_prod_win32_4___1___1":{"experiment_id":"805271655653","type":"team","group":"receives_desktop_update","trigger":"launch_team","log_exposures":false,"exposure_id":3822425181},"desktop_release_eta_darwin_4___3___0__alpha2":{"experiment_id":"806173080628","type":"team","group":"receives_desktop_update","trigger":"launch_team","log_exposures":false,"exposure_id":3822425181},"desktop_release_eta_win32_4___3___0__alpha2":{"experiment_id":"808847065798","type":"team","group":"receives_desktop_update","trigger":"launch_team","log_exposures":false,"exposure_id":3822425181},"calls_4902":{"experiment_id":"825303372262","type":"team","group":"treatment","trigger":"finished","log_exposures":false,"exposure_id":3822425181},"login_do_login_maybe_join_user":{"experiment_id":"826909502566","type":"team","group":"","trigger":"finished","log_exposures":false,"exposure_id":3822425181},"invite_requests_domain_whitelisting":{"experiment_id":"838484565431","type":"team","group":"treatment","trigger":"launch_team","log_exposures":false,"exposure_id":3822425181},"plans_page_clarify_search":{"experiment_id":"845530856642","type":"team","group":"treatment_2","trigger":"finished","log_exposures":false,"exposure_id":3822425181},"asyncify_team":{"experiment_id":"845734868531","type":"team","group":"asyncify_on","trigger":"finished","log_exposures":false,"exposure_id":3822425181},"feat_vitess_messages_chan_latest_site_2":{"experiment_id":"848708449363","type":"team","group":"treatment","trigger":"finished","log_exposures":false,"exposure_id":3822425181},"vt_untangle_ud_channels_get_by_team_user_id":{"experiment_id":"851753439808","type":"team","group":"no_join","trigger":"launch_team","log_exposures":false,"exposure_id":3822425181},"vitess_messages_grpc_fix_olap_queries_async":{"experiment_id":"864161417379","type":"team","group":"olap","trigger":"launch_team","log_exposures":false,"exposure_id":3822425181},"email_bridge_tick_for_threads":{"experiment_id":"876731611591","type":"team","group":"treatment","trigger":"finished","log_exposures":false,"exposure_id":3822425181},"shared_channels_new_user_trial":{"experiment_id":"881337382343","type":"team","group":"treatment","trigger":"finished","log_exposures":false,"exposure_id":3822425181},"phase3_email_template_revisit":{"experiment_id":"900698809972","type":"team","group":"open","trigger":"finished","log_exposures":false,"exposure_id":3822425181},"partner_promos":{"experiment_id":"904475784116","type":"team","group":"control","trigger":"finished","log_exposures":false,"exposure_id":3822425181},"fair_billing_dunning_statements":{"experiment_id":"917465136692","type":"team","group":"treatment","trigger":"finished","log_exposures":false,"exposure_id":3822425181},"ios_native_calls_callkit_server":{"experiment_id":"918963880356","type":"team","group":"treatment","trigger":"finished","log_exposures":false,"exposure_id":3822425181},"dunning_auto_downgrade":{"experiment_id":"919867655840","type":"team","group":"treatment","trigger":"finished","log_exposures":false,"exposure_id":3822425181},"autoclog_checkout_plans_parity_poc":{"experiment_id":"921362305157","type":"team","group":"treatment","trigger":"finished","log_exposures":false,"exposure_id":3822425181},"vitess_messages_use_replicas":{"experiment_id":"929272253780","type":"team","group":"replica","trigger":"launch_team","log_exposures":false,"exposure_id":3822425181},"desktop_anchor_text":{"experiment_id":"933499045927","type":"team","group":"treatment","trigger":"launch_team","log_exposures":false,"exposure_id":3822425181},"user_invites_bulk_async":{"experiment_id":"947842576311","type":"team","group":"treatment","trigger":"finished","log_exposures":false,"exposure_id":3822425181},"insights_murron_logging":{"experiment_id":"953779787265","type":"team","group":"treatment","trigger":"finished","log_exposures":false,"exposure_id":3822425181},"shared_channels_inviter_trial":{"experiment_id":"957220846595","type":"team","group":"control","trigger":"finished","log_exposures":false,"exposure_id":3822425181},"google_directory":{"experiment_id":"959154385427","type":"team","group":"treatment","trigger":"launch_team","log_exposures":false,"exposure_id":3822425181},"desktop_release_alpha_win32_4___5___0__alpha1":{"experiment_id":"965566966754","type":"team","group":"receives_desktop_update","trigger":"launch_team","log_exposures":false,"exposure_id":3822425181},"desktop_release_alpha_darwin_4___5___0__alpha1":{"experiment_id":"968254564929","type":"team","group":"receives_desktop_update","trigger":"launch_team","log_exposures":false,"exposure_id":3822425181},"shared_channels_home_reminders":{"experiment_id":"969089002528","type":"team","group":"treatment","trigger":"finished","log_exposures":false,"exposure_id":3822425181},"maurerpower_test_4":{"experiment_id":"971299781414","type":"team","group":"control","trigger":"hash_team","log_exposures":true,"exposure_id":3822425181},"partner_promo_v2":{"experiment_id":"972551924087","type":"team","group":"control","trigger":"finished","log_exposures":false,"exposure_id":3822425181},"shared_channels_inviter_trial_aa":{"experiment_id":"992472666677","type":"team","group":"","trigger":"finished","log_exposures":false,"exposure_id":3822425181},"ia_ga_rollout":{"experiment_id":"993712198964","type":"team","group":"treatment","trigger":"launch_team","log_exposures":false,"exposure_id":3822425181},"newxp_4153":{"experiment_id":"997413419104","type":"team","group":"treatment","trigger":"finished","log_exposures":false,"exposure_id":3822425181},"plans_page_highlight_shared_channels":{"experiment_id":"998983020660","type":"team","group":"control","trigger":"finished","log_exposures":false,"exposure_id":3822425181},"files_index_name_edgengram":{"experiment_id":"1005618859430","type":"team","group":"index","trigger":"launch_team","log_exposures":false,"exposure_id":3822425181},"thread_subscription_user_cache_writethrough":{"experiment_id":"1007829410416","type":"team","group":"treatment","trigger":"launch_team","log_exposures":false,"exposure_id":3822425181},"shared_channels_90_day_trial_bb":{"experiment_id":"1017543768374","type":"team","group":"treatment","trigger":"hash_team","log_exposures":true,"exposure_id":3822425181},"stripe_billing_dark":{"experiment_id":"1020525130948","type":"team","group":"treatment","trigger":"finished","log_exposures":false,"exposure_id":3822425181},"simple_invite_modal":{"experiment_id":"1020922842880","type":"team","group":"control","trigger":"finished","log_exposures":false,"exposure_id":3822425181},"dnd_skip_exit_msg":{"experiment_id":"1022751509984","type":"team","group":"receive_msg","trigger":"hash_team","log_exposures":true,"exposure_id":3822425181},"shared_channels_email_invite":{"experiment_id":"1023997682304","type":"team","group":"treatment","trigger":"finished","log_exposures":false,"exposure_id":3822425181},"api_subs_thread_get_view_lower_limit":{"experiment_id":"1024776404103","type":"team","group":"lower_limit","trigger":"launch_team","log_exposures":false,"exposure_id":3822425181},"users_invites_bulk_async_for_all":{"experiment_id":"1024863393383","type":"team","group":"treatment1","trigger":"finished","log_exposures":false,"exposure_id":3822425181},"threads_use_distinct_queries":{"experiment_id":"1025136081574","type":"team","group":"treatment","trigger":"launch_team","log_exposures":false,"exposure_id":3822425181},"remove_custom_invite_message":{"experiment_id":"1027973394598","type":"team","group":"control","trigger":"finished","log_exposures":false,"exposure_id":3822425181},"golden_gate_v3":{"experiment_id":"1030482144210","type":"team","group":"treatment","trigger":"finished","log_exposures":false,"exposure_id":3822425181},"bridge_phase_3_reply_style_plus":{"experiment_id":"1034687787879","type":"team","group":"button","trigger":"finished","log_exposures":false,"exposure_id":3822425181},"emoji_packs":{"experiment_id":"1037699998497","type":"team","group":"treatment","trigger":"finished","log_exposures":false,"exposure_id":3822425181},"paperclip_coachmark_for_file_app_users":{"experiment_id":"1039464803749","type":"team","group":"no_coachmark","trigger":"finished","log_exposures":false,"exposure_id":3822425181},"dnd_do_not_propogate_team_pref_changes_to_users":{"experiment_id":"1047951946688","type":"team","group":"treatment","trigger":"finished","log_exposures":false,"exposure_id":3822425181},"shared_channels_shortcut":{"experiment_id":"1048915980354","type":"team","group":"verbose","trigger":"finished","log_exposures":false,"exposure_id":3822425181},"plans_checkout_apps_consolidation":{"experiment_id":"1050029453287","type":"team","group":"treatment","trigger":"finished","log_exposures":false,"exposure_id":3822425181},"vifl_explicit_order_teams_channels_shared":{"experiment_id":"1052610214212","type":"team","group":"order_desc","trigger":"launch_team","log_exposures":false,"exposure_id":3822425181},"reacji_the_alarm":{"experiment_id":"1057995181937","type":"team","group":"treatment","trigger":"finished","log_exposures":false,"exposure_id":3822425181},"threads_get_view_async":{"experiment_id":"1059528295975","type":"team","group":"treatment","trigger":"launch_team","log_exposures":false,"exposure_id":3822425181},"backfill_invitation_mentions":{"experiment_id":"1059731914327","type":"team","group":"treatment","trigger":"launch_team","log_exposures":false,"exposure_id":3822425181},"tenured_teams_discount_promo_v4":{"experiment_id":"1068083183554","type":"team","group":"treatment","trigger":"finished","log_exposures":false,"exposure_id":3822425181},"fair_billing_backend_refactor_dark_mode":{"experiment_id":"1068563745540","type":"team","group":"treatment","trigger":"finished","log_exposures":false,"exposure_id":3822425181},"desktop_release_beta_win32_4___5___0":{"experiment_id":"1069669795942","type":"team","group":"receives_desktop_update","trigger":"launch_team","log_exposures":false,"exposure_id":3822425181},"android_min_app_version_pilot":{"experiment_id":"1071011859089","type":"team","group":"treatment","trigger":"finished","log_exposures":false,"exposure_id":3822425181},"desktop_release_beta_darwin_4___5___0":{"experiment_id":"1075023583685","type":"team","group":"receives_desktop_update","trigger":"launch_team","log_exposures":false,"exposure_id":3822425181},"desktop_release_prod_darwin_4___5___0":{"experiment_id":"1080261057234","type":"team","group":"receives_desktop_update","trigger":"launch_team","log_exposures":false,"exposure_id":3822425181},"vitess_flannel_channel_encode_user_query_mode":{"experiment_id":"1085831468450","type":"team","group":"olap","trigger":"launch_team","log_exposures":false,"exposure_id":3822425181},"desktop_release_prod_win32_4___5___0":{"experiment_id":"1104102626704","type":"team","group":"receives_desktop_update","trigger":"launch_team","log_exposures":false,"exposure_id":3822425181},"shared_channels_away_reminders":{"experiment_id":"1104574474145","type":"team","group":"treatment","trigger":"finished","log_exposures":false,"exposure_id":3822425181},"desktop_release_eta_win32_4___7___0__alpha1":{"experiment_id":"1108322324231","type":"team","group":"receives_desktop_update","trigger":"launch_team","log_exposures":false,"exposure_id":3822425181},"desktop_release_alpha_darwin_4___7___0__alpha1":{"experiment_id":"1108322337655","type":"team","group":"receives_desktop_update","trigger":"launch_team","log_exposures":false,"exposure_id":3822425181},"google_drive_auths_experiment":{"experiment_id":"1114403625713","type":"team","group":"current_unauth_experience","trigger":"finished","log_exposures":false,"exposure_id":3822425181},"mmts_unreads_for_joiners":{"experiment_id":"1117265546387","type":"team","group":"control","trigger":"hash_team","log_exposures":true,"exposure_id":3822425181},"desktop_release_eta_darwin_4___7___0__alpha1":{"experiment_id":"1123273241955","type":"team","group":"receives_desktop_update","trigger":"launch_team","log_exposures":false,"exposure_id":3822425181},"bulk_invites_async_all":{"experiment_id":"1125735563985","type":"team","group":"treatment","trigger":"finished","log_exposures":false,"exposure_id":3822425181},"corey_test_experiment":{"experiment_id":"1134643641286","type":"team","group":"treatment","trigger":"launch_team","log_exposures":false,"exposure_id":3822425181},"tenured_teams_discount_promo_v5":{"experiment_id":"1134798757638","type":"team","group":"treatment50","trigger":"finished","log_exposures":false,"exposure_id":3822425181},"desktop_release_alpha_win32_4___7___0__alpha1":{"experiment_id":"1135686950273","type":"team","group":"receives_desktop_update","trigger":"launch_team","log_exposures":false,"exposure_id":3822425181},"free_team_group_calls_discovery":{"experiment_id":"1139983250918","type":"team","group":"trial_and_prompt","trigger":"finished","log_exposures":false,"exposure_id":3822425181},"newxp_4249_exp":{"experiment_id":"1141613290864","type":"team","group":"treatment","trigger":"finished","log_exposures":false,"exposure_id":3822425181},"paid_feature_sso":{"experiment_id":"1144616308710","type":"team","group":"treatment","trigger":"finished","log_exposures":false,"exposure_id":3822425181},"seu_email_bridge_invite":{"experiment_id":"1158321853651","type":"team","group":"invite","trigger":"finished","log_exposures":false,"exposure_id":3822425181},"seu_email_bridge_org_user":{"experiment_id":"1159878924199","type":"team","group":"seu_email_bridge","trigger":"finished","log_exposures":false,"exposure_id":3822425181},"test_tiers":{"experiment_id":"1175229158195","type":"team","group":"treatment","trigger":"hash_team","log_exposures":true,"exposure_id":3822425181},"shared_channels_90_day_trial_existing_bb":{"experiment_id":"1175884951297","type":"team","group":"control","trigger":"hash_team","log_exposures":true,"exposure_id":3822425181},"tika_ocr":{"experiment_id":"1177258635125","type":"team","group":"treatment","trigger":"launch_team","log_exposures":false,"exposure_id":3822425181},"paid_team_group_calls_discovery":{"experiment_id":"1184201624609","type":"team","group":"control","trigger":"finished","log_exposures":false,"exposure_id":3822425181},"shared_channels_multi_email_invite":{"experiment_id":"1189609788804","type":"team","group":"treatment","trigger":"finished","log_exposures":false,"exposure_id":3822425181},"files_serve_lib_s3_php_unbuffered":{"experiment_id":"1189653965765","type":"team","group":"treatment","trigger":"launch_team","log_exposures":false,"exposure_id":3822425181},"calls_free_willy_std":{"experiment_id":"1190321124945","type":"team","group":"enabled","trigger":"launch_team","log_exposures":false,"exposure_id":3822425181},"calls_api_mods_team":{"experiment_id":"1194091734324","type":"team","group":"treatment","trigger":"finished","log_exposures":false,"exposure_id":3822425181},"shared_channels_content_v2":{"experiment_id":"1218421688563","type":"team","group":"control","trigger":"finished","log_exposures":false,"exposure_id":3822425181},"workflows_gantry_v2":{"experiment_id":"1223376137504","type":"team","group":"treatment","trigger":"finished","log_exposures":false,"exposure_id":3822425181},"checkout_zip_completes_city_and_state":{"experiment_id":"1238156384753","type":"team","group":"treatment","trigger":"hash_team","log_exposures":true,"exposure_id":3822425181},"create_channel_from_composer":{"experiment_id":"1245049517927","type":"team","group":"treatment","trigger":"finished","log_exposures":false,"exposure_id":3822425181},"remove_activation_message_limit_banner":{"experiment_id":"1250620054580","type":"team","group":"control","trigger":"hash_team","log_exposures":true,"exposure_id":3822425181},"sidebar_checkout_link":{"experiment_id":"1254889711142","type":"team","group":"control","trigger":"finished","log_exposures":false,"exposure_id":3822425181},"files_from_replica_in_conv":{"experiment_id":"1260758622243","type":"team","group":"treatment","trigger":"launch_team","log_exposures":false,"exposure_id":3822425181},"desktop_release_eta_darwin_4___9___0__alpha1":{"experiment_id":"1263306920884","type":"team","group":"receives_desktop_update","trigger":"launch_team","log_exposures":false,"exposure_id":3822425181},"desktop_release_eta_win32_4___9___0__alpha1":{"experiment_id":"1269746298385","type":"team","group":"receives_desktop_update","trigger":"launch_team","log_exposures":false,"exposure_id":3822425181},"workflows_admin_list_v2":{"experiment_id":"1272187525111","type":"team","group":"treatment","trigger":"finished","log_exposures":false,"exposure_id":3822425181},"desktop_release_alpha_darwin_4___9___0__alpha3":{"experiment_id":"1273561153138","type":"team","group":"receives_desktop_update","trigger":"launch_team","log_exposures":false,"exposure_id":3822425181},"desktop_release_alpha_win32_4___9___0__alpha3":{"experiment_id":"1273767395251","type":"team","group":"receives_desktop_update","trigger":"launch_team","log_exposures":false,"exposure_id":3822425181},"desktop_release_alpha_darwin_4___9___0__alpha4":{"experiment_id":"1282757447077","type":"team","group":"receives_desktop_update","trigger":"launch_team","log_exposures":false,"exposure_id":3822425181},"desktop_release_alpha_darwin_4___9___0__beta1":{"experiment_id":"1283190851287","type":"team","group":"receives_desktop_update","trigger":"launch_team","log_exposures":false,"exposure_id":3822425181},"desktop_release_beta_darwin_4___9___0__beta2":{"experiment_id":"1293038996550","type":"team","group":"receives_desktop_update","trigger":"launch_team","log_exposures":false,"exposure_id":3822425181},"search_files_indexing_dual_cluster":{"experiment_id":"1293320620677","type":"team","group":"treatment","trigger":"launch_team","log_exposures":false,"exposure_id":3822425181},"desktop_release_beta_win32_4___9___0__beta1":{"experiment_id":"1293949331893","type":"team","group":"receives_desktop_update","trigger":"launch_team","log_exposures":false,"exposure_id":3822425181},"desktop_release_beta_darwin_4___9___0__beta1":{"experiment_id":"1295321128066","type":"team","group":"receives_desktop_update","trigger":"launch_team","log_exposures":false,"exposure_id":3822425181},"slackbot_custom_response_cache":{"experiment_id":"1296732454503","type":"team","group":"treatment","trigger":"finished","log_exposures":false,"exposure_id":3822425181},"desktop_release_alpha_win32_4___9___0__alpha4":{"experiment_id":"1296754772881","type":"team","group":"receives_desktop_update","trigger":"launch_team","log_exposures":false,"exposure_id":3822425181},"desktop_release_beta_win32_4___9___0__beta2":{"experiment_id":"1298397709141","type":"team","group":"receives_desktop_update","trigger":"launch_team","log_exposures":false,"exposure_id":3822425181},"day1_convo":{"experiment_id":"1305212834913","type":"team","group":"control","trigger":"finished","log_exposures":false,"exposure_id":3822425181},"desktop_release_alpha_win32_4___9___0__beta1":{"experiment_id":"1310559202561","type":"team","group":"receives_desktop_update","trigger":"launch_team","log_exposures":false,"exposure_id":3822425181},"desktop_release_beta_win32_4___9___0__beta3":{"experiment_id":"1316495771398","type":"team","group":"receives_desktop_update","trigger":"launch_team","log_exposures":false,"exposure_id":3822425181},"shared_channels_home_admin_implicit_approval":{"experiment_id":"1322991014131","type":"team","group":"treatment","trigger":"finished","log_exposures":false,"exposure_id":3822425181},"lc_msg_limit_banner_upgrd_1131_bug":{"experiment_id":"1325814397234","type":"team","group":"control","trigger":"finished","log_exposures":false,"exposure_id":3822425181},"edu_101":{"experiment_id":"1326005479860","type":"team","group":"control","trigger":"finished","log_exposures":false,"exposure_id":3822425181},"trial_end_users_copy_refresh":{"experiment_id":"1327809305827","type":"team","group":"new_email_flow","trigger":"hash_team","log_exposures":true,"exposure_id":3822425181},"post_trial_discount_promo_v1":{"experiment_id":"1328467966786","type":"team","group":"treatment","trigger":"finished","log_exposures":false,"exposure_id":3822425181},"ie_1516_download_app":{"experiment_id":"1328692532659","type":"team","group":"control","trigger":"finished","log_exposures":false,"exposure_id":3822425181},"trial_email_lifecycle_revamp_v2":{"experiment_id":"1330245964450","type":"team","group":"treatment","trigger":"finished","log_exposures":false,"exposure_id":3822425181},"vitess_dark_item_subs":{"experiment_id":"1332977731281","type":"team","group":"vitess","trigger":"launch_team","log_exposures":false,"exposure_id":3822425181},"insights_member_analytics_api_pilot":{"experiment_id":"1334714483953","type":"team","group":"treatment","trigger":"finished","log_exposures":false,"exposure_id":3822425181},"desktop_release_beta_darwin_4___9___0__beta3":{"experiment_id":"1335852281249","type":"team","group":"receives_desktop_update","trigger":"launch_team","log_exposures":false,"exposure_id":3822425181},"discovery_conversations_edits_perf_boost":{"experiment_id":"1339347637602","type":"team","group":"treatment","trigger":"launch_team","log_exposures":false,"exposure_id":3822425181},"ce_consults_trials":{"experiment_id":"1340568170420","type":"team","group":"email","trigger":"hash_team","log_exposures":true,"exposure_id":3822425181},"first_message_notification":{"experiment_id":"1344623428546","type":"team","group":"control","trigger":"finished","log_exposures":false,"exposure_id":3822425181},"new_onboarding_email_flow":{"experiment_id":"1346554136769","type":"team","group":"no_emails","trigger":"hash_team","log_exposures":true,"exposure_id":3822425181},"extend_slack_connect":{"experiment_id":"1348129849447","type":"team","group":"treatment","trigger":"finished","log_exposures":false,"exposure_id":3822425181},"team_billable_info_fetch_users_directly":{"experiment_id":"1353359388405","type":"team","group":"treatment","trigger":"finished","log_exposures":false,"exposure_id":3822425181},"trial_benefits_awareness":{"experiment_id":"1353891122343","type":"team","group":"banner","trigger":"hash_team","log_exposures":true,"exposure_id":3822425181},"day1_joiner_notifications":{"experiment_id":"1355065566197","type":"team","group":"treatment","trigger":"finished","log_exposures":false,"exposure_id":3822425181},"vifl_ibm_query_perf_improvements":{"experiment_id":"1362640712772","type":"team","group":"enabled","trigger":"launch_team","log_exposures":false,"exposure_id":3822425181},"threads_c14n_queries_no_override":{"experiment_id":"1368489116949","type":"team","group":"treatment","trigger":"launch_team","log_exposures":false,"exposure_id":3822425181},"shared_channels_trial_edu":{"experiment_id":"1370971918786","type":"team","group":"treatment","trigger":"hash_team","log_exposures":true,"exposure_id":3822425181},"notifications_tracing":{"experiment_id":"1371924029668","type":"team","group":"treatment","trigger":"launch_team","log_exposures":false,"exposure_id":3822425181},"ie_channel_email_address":{"experiment_id":"1374313946613","type":"team","group":"treatment","trigger":"launch_team","log_exposures":false,"exposure_id":3822425181},"redeprecate_pins_add_file":{"experiment_id":"1377404756722","type":"team","group":"treatment","trigger":"launch_team","log_exposures":false,"exposure_id":3822425181},"desktop_release_beta_win32_4___10___0__beta2":{"experiment_id":"1379958140693","type":"team","group":"receives_desktop_update","trigger":"launch_team","log_exposures":false,"exposure_id":3822425181},"invite_to_workspace_standard":{"experiment_id":"1380778621235","type":"team","group":"control","trigger":"hash_team","log_exposures":true,"exposure_id":3822425181},"thread_replies_no_olap":{"experiment_id":"1381469603921","type":"team","group":"treatment","trigger":"hash_team","log_exposures":true,"exposure_id":3822425181},"ie_1560":{"experiment_id":"1383359053666","type":"team","group":"control","trigger":"finished","log_exposures":false,"exposure_id":3822425181},"guier_sidebar_rollout":{"experiment_id":"1384224598855","type":"team","group":"treatment","trigger":"launch_team","log_exposures":false,"exposure_id":3822425181},"sidebar_benefits_badge":{"experiment_id":"1389383748135","type":"team","group":"control","trigger":"hash_team","log_exposures":true,"exposure_id":3822425181},"desktop_release_beta_darwin_4___10___0__beta2":{"experiment_id":"1395676501153","type":"team","group":"receives_desktop_update","trigger":"launch_team","log_exposures":false,"exposure_id":3822425181},"trial_end_modal":{"experiment_id":"1396500998545","type":"team","group":"education","trigger":"hash_team","log_exposures":true,"exposure_id":3822425181},"announce_only_channels_feature":{"experiment_id":"1397131653686","type":"team","group":"treatment","trigger":"finished","log_exposures":false,"exposure_id":3822425181},"trial_incentive_email":{"experiment_id":"1399572413303","type":"team","group":"email","trigger":"hash_team","log_exposures":true,"exposure_id":3822425181},"discovery_conversations_list_perf_boost":{"experiment_id":"1405092736564","type":"team","group":"treatment","trigger":"launch_team","log_exposures":false,"exposure_id":3822425181},"cs_scale_workflow_steps_from_apps":{"experiment_id":"1407295728372","type":"team","group":"treatment","trigger":"launch_team","log_exposures":false,"exposure_id":3822425181},"trials_highlight_paid_features":{"experiment_id":"1407470773270","type":"team","group":"treatment","trigger":"hash_team","log_exposures":true,"exposure_id":3822425181},"itemsubs_lastread_fetch":{"experiment_id":"1409931201478","type":"team","group":"treatment","trigger":"launch_team","log_exposures":false,"exposure_id":3822425181},"slackbot_contextual_msg":{"experiment_id":"1412144683937","type":"team","group":"treatment","trigger":"launch_team","log_exposures":false,"exposure_id":3822425181},"i18n_toast_ko_kr":{"experiment_id":"1419684745075","type":"team","group":"treatment","trigger":"finished","log_exposures":false,"exposure_id":3822425181},"typed_api_stars_list":{"experiment_id":"1422052031925","type":"team","group":"treatment","trigger":"launch_team","log_exposures":false,"exposure_id":3822425181},"tika_base_envoy":{"experiment_id":"1429377606372","type":"team","group":"treatment","trigger":"launch_team","log_exposures":false,"exposure_id":3822425181},"vitess_light_item_subs":{"experiment_id":"1429396647460","type":"team","group":"vitess","trigger":"launch_team","log_exposures":false,"exposure_id":3822425181},"edu_187":{"experiment_id":"1429869184688","type":"team","group":"control","trigger":"finished","log_exposures":false,"exposure_id":3822425181},"trial_lifecycle_banners_refresh":{"experiment_id":"1434960697734","type":"team","group":"treatment","trigger":"hash_team","log_exposures":true,"exposure_id":3822425181},"snd_spam_on_verta_team":{"experiment_id":"1435438223029","type":"team","group":"verta","trigger":"finished","log_exposures":false,"exposure_id":3822425181},"typed_api_files_get_temp_url":{"experiment_id":"1437665506370","type":"team","group":"treatment","trigger":"launch_team","log_exposures":false,"exposure_id":3822425181},"typed_api_conversations_mark":{"experiment_id":"1438848878337","type":"team","group":"treatment","trigger":"launch_team","log_exposures":false,"exposure_id":3822425181},"ios_invites_enhancement_team_creation_v2":{"experiment_id":"1440354361302","type":"team","group":"control","trigger":"hash_team","log_exposures":true,"exposure_id":3822425181},"user_prefs_for_team_from_replica":{"experiment_id":"1441007654080","type":"team","group":"treatment","trigger":"launch_team","log_exposures":false,"exposure_id":3822425181},"paid_benefits_page_v2":{"experiment_id":"1447544013428","type":"team","group":"control","trigger":"hash_team","log_exposures":true,"exposure_id":3822425181},"mmts_unreads_for_joiners_v2":{"experiment_id":"1449606356999","type":"team","group":"control","trigger":"hash_team","log_exposures":true,"exposure_id":3822425181},"shared_channels_grid_home_admin_implicit_approval":{"experiment_id":"1451782133189","type":"team","group":"treatment","trigger":"finished","log_exposures":false,"exposure_id":3822425181},"shared_channels_day1_creator_v1":{"experiment_id":"1454631119797","type":"team","group":"treatment","trigger":"hash_team","log_exposures":true,"exposure_id":3822425181},"typed_api_chat_me_message":{"experiment_id":"1461499017696","type":"team","group":"treatment","trigger":"launch_team","log_exposures":false,"exposure_id":3822425181},"typed_api_imports_create":{"experiment_id":"1464359178707","type":"team","group":"treatment","trigger":"finished","log_exposures":false,"exposure_id":3822425181},"vitess_sunset_item_subs":{"experiment_id":"1467174710162","type":"team","group":"vitess","trigger":"launch_team","log_exposures":false,"exposure_id":3822425181},"successful_teams_trial":{"experiment_id":"1468172838165","type":"team","group":"treatment","trigger":"finished","log_exposures":false,"exposure_id":3822425181},"snd_verta_serve_spam_model":{"experiment_id":"1469714870324","type":"team","group":"verta","trigger":"launch_team","log_exposures":false,"exposure_id":3822425181},"push_notif_format_cleanup_team":{"experiment_id":"1471410502544","type":"team","group":"treatment","trigger":"hash_team","log_exposures":true,"exposure_id":3822425181},"slack_connect_post_trial_discount":{"experiment_id":"1478854262400","type":"team","group":"control","trigger":"hash_team","log_exposures":true,"exposure_id":3822425181},"ie_1684":{"experiment_id":"1480355955383","type":"team","group":"treatment","trigger":"finished","log_exposures":false,"exposure_id":3822425181},"vitess_light_item_subs_grid":{"experiment_id":"1483541096466","type":"team","group":"vitess","trigger":"launch_team","log_exposures":false,"exposure_id":3822425181},"vitess_sunset_item_subs_grid":{"experiment_id":"1491018019472","type":"team","group":"vitess","trigger":"launch_team","log_exposures":false,"exposure_id":3822425181},"cdaniel_test_experiment":{"experiment_id":"1502578476357","type":"team","group":"control","trigger":"hash_team","log_exposures":true,"exposure_id":3822425181},"typed_api_im_mark":{"experiment_id":"1507240684967","type":"team","group":"treatment","trigger":"launch_team","log_exposures":false,"exposure_id":3822425181},"successful_teams_trial_v2":{"experiment_id":"1511021947473","type":"team","group":"treatment","trigger":"finished","log_exposures":false,"exposure_id":3822425181},"trials_remove_7d_email":{"experiment_id":"1518201540497","type":"team","group":"treatment","trigger":"hash_team","log_exposures":true,"exposure_id":3822425181},"user_creation_mutex":{"experiment_id":"1532357583520","type":"team","group":"no_lock","trigger":"hash_team","log_exposures":true,"exposure_id":3822425181}}};
	boot_data.start_ms = Date.now();
</script><script type="text/javascript" src="https://a.slack-edge.com/bv1-8/rollup-core_required_libs.933bd8ae2875db96a047.min.js" onload="window._cdn ? _cdn.ok(this, arguments) : null" onerror="window._cdn ? _cdn.failed(this, arguments) : null" crossorigin="anonymous"></script><script type="text/javascript" src="https://a.slack-edge.com/bv1-8/modern.vendor.1ae30eb49fa711d93176.min.js" onload="window._cdn ? _cdn.ok(this, arguments) : null" onerror="window._cdn ? _cdn.failed(this, arguments) : null" crossorigin="anonymous"></script><script type="text/javascript" src="https://a.slack-edge.com/bv1-8/application.2f003c5a3979acebd2ea.min.js" onload="window._cdn ? _cdn.ok(this, arguments) : null" onerror="window._cdn ? _cdn.failed(this, arguments) : null" crossorigin="anonymous"></script><script type="text/javascript" src="https://a.slack-edge.com/bv1-8/rollup-core_required_ts.4bd262ff51496f9e321a.min.js" onload="window._cdn ? _cdn.ok(this, arguments) : null" onerror="window._cdn ? _cdn.failed(this, arguments) : null" crossorigin="anonymous"></script><script type="text/javascript" src="https://a.slack-edge.com/bv1-8/TS.web.553f6dbdc46e2f0663ff.min.js" onload="window._cdn ? _cdn.ok(this, arguments) : null" onerror="window._cdn ? _cdn.failed(this, arguments) : null" crossorigin="anonymous"></script><script type="text/javascript" src="https://a.slack-edge.com/bv1-8/signals.f64160b5bcfc6f9b932f.min.js" onload="window._cdn ? _cdn.ok(this, arguments) : null" onerror="window._cdn ? _cdn.failed(this, arguments) : null" crossorigin="anonymous"></script><script type="text/javascript" src="https://a.slack-edge.com/bv1-8/rollup-core_web.fc8fa102b51384d74003.min.js" onload="window._cdn ? _cdn.ok(this, arguments) : null" onerror="window._cdn ? _cdn.failed(this, arguments) : null" crossorigin="anonymous"></script><script type="text/javascript" src="https://a.slack-edge.com/bv1-8/rollup-secondary_a_required.9717391c68f08f55331b.min.js" onload="window._cdn ? _cdn.ok(this, arguments) : null" onerror="window._cdn ? _cdn.failed(this, arguments) : null" crossorigin="anonymous"></script><script type="text/javascript" src="https://a.slack-edge.com/bv1-8/rollup-secondary_b_required.2a39bda25f6b8221d2aa.min.js" onload="window._cdn ? _cdn.ok(this, arguments) : null" onerror="window._cdn ? _cdn.failed(this, arguments) : null" crossorigin="anonymous"></script><script type="text/javascript">TS.boot(boot_data);</script><script type="text/javascript" src="https://a.slack-edge.com/bv1-8/sticky_nav.b5818b2dd44e6ae00044.min.js" onload="window._cdn ? _cdn.ok(this, arguments) : null" onerror="window._cdn ? _cdn.failed(this, arguments) : null" crossorigin="anonymous"></script><script type="text/javascript" src="https://a.slack-edge.com/bv1-8/footer.f15b3cbf46877147f066.min.js" onload="window._cdn ? _cdn.ok(this, arguments) : null" onerror="window._cdn ? _cdn.failed(this, arguments) : null" crossorigin="anonymous"></script><style>.color_9f69e7:not(.nuc) {color:#9F69E7;}.color_4bbe2e:not(.nuc) {color:#4BBE2E;}.color_e7392d:not(.nuc) {color:#E7392D;}.color_3c989f:not(.nuc) {color:#3C989F;}.color_674b1b:not(.nuc) {color:#674B1B;}.color_e96699:not(.nuc) {color:#E96699;}.color_e0a729:not(.nuc) {color:#E0A729;}.color_684b6c:not(.nuc) {color:#684B6C;}.color_5b89d5:not(.nuc) {color:#5B89D5;}.color_2b6836:not(.nuc) {color:#2B6836;}.color_99a949:not(.nuc) {color:#99A949;}.color_df3dc0:not(.nuc) {color:#DF3DC0;}.color_4cc091:not(.nuc) {color:#4CC091;}.color_9b3b45:not(.nuc) {color:#9B3B45;}.color_d58247:not(.nuc) {color:#D58247;}.color_bb86b7:not(.nuc) {color:#BB86B7;}.color_5a4592:not(.nuc) {color:#5A4592;}.color_db3150:not(.nuc) {color:#DB3150;}.color_235e5b:not(.nuc) {color:#235E5B;}.color_9e3997:not(.nuc) {color:#9E3997;}.color_53b759:not(.nuc) {color:#53B759;}.color_c386df:not(.nuc) {color:#C386DF;}.color_385a86:not(.nuc) {color:#385A86;}.color_a63024:not(.nuc) {color:#A63024;}.color_5870dd:not(.nuc) {color:#5870DD;}.color_ea2977:not(.nuc) {color:#EA2977;}.color_50a0cf:not(.nuc) {color:#50A0CF;}.color_d55aef:not(.nuc) {color:#D55AEF;}.color_d1707d:not(.nuc) {color:#D1707D;}.color_43761b:not(.nuc) {color:#43761B;}.color_e06b56:not(.nuc) {color:#E06B56;}.color_8f4a2b:not(.nuc) {color:#8F4A2B;}.color_902d59:not(.nuc) {color:#902D59;}.color_de5f24:not(.nuc) {color:#DE5F24;}.color_a2a5dc:not(.nuc) {color:#A2A5DC;}.color_827327:not(.nuc) {color:#827327;}.color_3c8c69:not(.nuc) {color:#3C8C69;}.color_8d4b84:not(.nuc) {color:#8D4B84;}.color_84b22f:not(.nuc) {color:#84B22F;}.color_4ec0d6:not(.nuc) {color:#4EC0D6;}.color_e23f99:not(.nuc) {color:#E23F99;}.color_e475df:not(.nuc) {color:#E475DF;}.color_619a4f:not(.nuc) {color:#619A4F;}.color_a72f79:not(.nuc) {color:#A72F79;}.color_7d414c:not(.nuc) {color:#7D414C;}.color_aba727:not(.nuc) {color:#ABA727;}.color_965d1b:not(.nuc) {color:#965D1B;}.color_4d5e26:not(.nuc) {color:#4D5E26;}.color_dd8527:not(.nuc) {color:#DD8527;}.color_bd9336:not(.nuc) {color:#BD9336;}.color_e85d72:not(.nuc) {color:#E85D72;}.color_dc7dbb:not(.nuc) {color:#DC7DBB;}.color_bc3663:not(.nuc) {color:#BC3663;}.color_9d8eee:not(.nuc) {color:#9D8EEE;}.color_8469bc:not(.nuc) {color:#8469BC;}.color_73769d:not(.nuc) {color:#73769D;}.color_b14cbc:not(.nuc) {color:#B14CBC;}</style>

<!-- slack-www-hhvm-main-iad-2r7i/ 2020-11-26 22:45:33/ v0ef91cc3bd587aa80a4ca921fed39b224e0c98f1/ B:H -->

</body></html>